Transaction ID,Date,Client Type,Product ID Number,Product Name,Unit Price (PHP),Quantity,Total Sales (PHP),Payment Method
1,2025-06-01,Wholesale,43,KTM 790 Duke,599000.0,9,5391000.0,Transfer
2,2025-06-01,Retail,27,Yamaha Sniper 155,125900.0,8,1007200.0,Cash
3,2025-06-01,Retail,29,Honda CRF300L,284900.0,32,9116800.0,Transfer
4,2025-06-01,Unknown,32,Harley-Davidson Street 750,499000.0,7,3493000.0,Cash
5,2025-06-01,Retail,43,KTM 790 Duke,599000.0,1,599000.0,Credit Card
6,2025-06-01,Wholesale,23,Keeway RKS 150 Sport,68900.0,12,826800.0,Transfer
7,2025-06-01,Retail,35,Yamaha XMAX 300,319000.0,26,8294000.0,Transfer
8,2025-06-01,Retail,19,Suzuki GSX-S150,125000.0,13,1625000.0,Cash
9,2025-06-01,Retail,21,Yamaha Aerox 155,124000.0,38,4712000.0,Cash
10,2025-06-01,Retail,28,Bajaj CT125,67900.0,6,407400.0,Credit Card
11,2025-06-01,Retail,23,Keeway RKS 150 Sport,68900.0,20,1378000.0,Transfer
12,2025-06-01,Retail,34,Aprilia SR GT 200,219000.0,10,2190000.0,Cash
13,2025-06-01,Wholesale,4,Suzuki Raider R150 Fi,119900.0,3,359700.0,Credit Card
14,2025-06-01,Wholesale,23,Keeway RKS 150 Sport,68900.0,21,1446900.0,Transfer
15,2025-06-01,Wholesale,49,Moto Guzzi V7 Stone,689000.0,12,8268000.0,Transfer
16,2025-06-01,Wholesale,21,Yamaha Aerox 155,124000.0,23,2852000.0,Transfer
17,2025-06-01,Retail,18,Vespa Primavera 150,210000.0,1,210000.0,Cash
18,2025-06-02,Retail,44,CFMoto 300SR,165000.0,9,1485000.0,Transfer
19,2025-06-02,Retail,49,Moto Guzzi V7 Stone,689000.0,10,6890000.0,Transfer
20,2025-06-02,Retail,44,CFMoto 300SR,165000.0,25,4125000.0,Cash
21,2025-06-02,Wholesale,20,Kawasaki Z400,331000.0,15,4965000.0,Transfer
22,2025-06-02,Wholesale,22,Bristol Bobber 650,398000.0,32,12736000.0,Credit Card
23,2025-06-02,Wholesale,25,CFMoto 650MT,345000.0,4,1380000.0,Cash
24,2025-06-02,Retail,25,CFMoto 650MT,345000.0,10,3450000.0,Cash
25,2025-06-02,Retail,37,Moto Morini X-Cape 650,369000.0,19,7011000.0,Cash
26,2025-06-02,Wholesale,48,Zontes GK350,269000.0,11,2959000.0,Cash
27,2025-06-02,Wholesale,2,Yamaha MT-15,178000.0,1,178000.0,Transfer
28,2025-06-02,Wholesale,38,Yamaha FZi 150,99900.0,5,499500.0,Cash
29,2025-06-02,Retail,11,Yamaha NMAX 155,151900.0,29,4405100.0,Cash
30,2025-06-02,Retail,9,Yamaha XSR155,182000.0,44,8008000.0,Transfer
31,2025-06-02,Retail,38,Yamaha FZi 150,99900.0,48,4795200.0,Cash
32,2025-06-02,Wholesale,37,Moto Morini X-Cape 650,369000.0,23,8487000.0,Credit Card
33,2025-06-03,Wholesale,49,Moto Guzzi V7 Stone,689000.0,13,8957000.0,Cash
34,2025-06-03,Retail,23,Keeway RKS 150 Sport,68900.0,35,2411500.0,Credit Card
35,2025-06-03,Wholesale,36,Benelli 502C,349000.0,13,4537000.0,Cash
36,2025-06-03,Retail,44,CFMoto 300SR,165000.0,7,1155000.0,Transfer
37,2025-06-03,Retail,45,Italjet Dragster 200,289000.0,11,3179000.0,Cash
38,2025-06-03,Retail,29,Honda CRF300L,284900.0,21,5982900.0,Cash
39,2025-06-03,Retail,27,Yamaha Sniper 155,125900.0,17,2140300.0,Cash
40,2025-06-03,Retail,5,Royal Enfield Classic 350,250000.0,22,5500000.0,Credit Card
41,2025-06-03,Wholesale,45,Italjet Dragster 200,289000.0,49,14161000.0,Transfer
42,2025-06-03,Retail,47,Suzuki Burgman Street 125,80900.0,33,2669700.0,Credit Card
43,2025-06-03,Retail,23,Keeway RKS 150 Sport,68900.0,5,344500.0,Transfer
44,2025-06-03,Wholesale,3,Kawasaki Ninja 400,340000.0,25,8500000.0,Transfer
45,2025-06-03,Retail,38,Yamaha FZi 150,99900.0,17,1698300.0,Credit Card
46,2025-06-03,Wholesale,28,Bajaj CT125,67900.0,10,679000.0,Cash
47,2025-06-04,Retail,21,Yamaha Aerox 155,124000.0,2,248000.0,Credit Card
48,2025-06-04,Wholesale,28,Bajaj CT125,67900.0,20,1358000.0,Transfer
49,2025-06-04,Retail,22,Bristol Bobber 650,398000.0,36,14328000.0,Credit Card
50,2025-06-04,Retail,14,KTM RC 200,198000.0,15,2970000.0,Credit Card
51,2025-06-04,Retail,25,CFMoto 650MT,345000.0,9,3105000.0,Transfer
52,2025-06-04,Wholesale,26,Honda Click 125i,80900.0,14,1132600.0,Transfer
53,2025-06-04,Retail,31,SYM Jet X 150,128000.0,7,896000.0,Cash
54,2025-06-04,Retail,7,Bristol Veloce 500,328000.0,21,6888000.0,Transfer
55,2025-06-04,Wholesale,12,Honda ADV 160,164900.0,5,824500.0,Cash
56,2025-06-04,Retail,41,BMW R nineT,995000.0,8,7960000.0,Transfer
57,2025-06-04,Retail,30,Rusi Flash 125,48000.0,6,288000.0,Transfer
58,2025-06-04,Retail,14,KTM RC 200,198000.0,2,396000.0,Credit Card
59,2025-06-04,Wholesale,21,Yamaha Aerox 155,124000.0,14,1736000.0,Credit Card
60,2025-06-05,Wholesale,38,Yamaha FZi 150,99900.0,17,1698300.0,Credit Card
61,2025-06-05,Wholesale,22,Bristol Bobber 650,398000.0,28,11144000.0,Credit Card
62,2025-06-05,Retail,42,Honda Rebel 1100,650000.0,20,13000000.0,Cash
63,2025-06-05,Wholesale,4,Suzuki Raider R150 Fi,119900.0,20,2398000.0,Transfer
64,2025-06-05,Wholesale,26,Honda Click 125i,80900.0,14,1132600.0,Unknown
65,2025-06-05,Retail,39,Vespa GTS Super 300,398000.0,4,1592000.0,Transfer
66,2025-06-05,Retail,22,Bristol Bobber 650,398000.0,13,5174000.0,Transfer
67,2025-06-05,Retail,26,Honda Click 125i,80900.0,28,2265200.0,Transfer
68,2025-06-05,Retail,3,Kawasaki Ninja 400,340000.0,5,1700000.0,Transfer
69,2025-06-05,Wholesale,21,Yamaha Aerox 155,124000.0,29,3596000.0,Cash
70,2025-06-05,Wholesale,43,KTM 790 Duke,599000.0,34,20366000.0,Transfer
71,2025-06-05,Retail,20,Kawasaki Z400,331000.0,35,11585000.0,Cash
72,2025-06-05,Wholesale,1,Honda CBR500R,389000.0,23,8947000.0,Cash
73,2025-06-06,Retail,24,Motorstar Xplorer 250R,78900.0,36,2840400.0,Credit Card
74,2025-06-06,Retail,9,Yamaha XSR155,182000.0,20,3640000.0,Transfer
75,2025-06-06,Retail,33,Zontes 310X,248000.0,10,2480000.0,Cash
76,2025-06-06,Wholesale,5,Royal Enfield Classic 350,250000.0,33,8250000.0,Transfer
77,2025-06-06,Retail,4,Suzuki Raider R150 Fi,119900.0,7,839300.0,Credit Card
78,2025-06-06,Wholesale,4,Suzuki Raider R150 Fi,119900.0,5,599500.0,Transfer
79,2025-06-06,Wholesale,34,Aprilia SR GT 200,219000.0,7,1533000.0,Cash
80,2025-06-06,Wholesale,20,Kawasaki Z400,331000.0,3,993000.0,Credit Card
81,2025-06-06,Retail,15,BMW G 310 GS,320000.0,4,1280000.0,Credit Card
82,2025-06-06,Wholesale,24,Motorstar Xplorer 250R,78900.0,8,631200.0,Cash
83,2025-06-06,Retail,34,Aprilia SR GT 200,219000.0,4,876000.0,Cash
84,2025-06-06,Retail,38,Yamaha FZi 150,99900.0,13,1298700.0,Cash
85,2025-06-07,Retail,31,SYM Jet X 150,128000.0,43,5504000.0,Transfer
86,2025-06-07,Retail,29,Honda CRF300L,284900.0,2,569800.0,Transfer
87,2025-06-07,Retail,3,Kawasaki Ninja 400,340000.0,5,1700000.0,Credit Card
88,2025-06-07,Wholesale,30,Rusi Flash 125,48000.0,5,240000.0,Cash
89,2025-06-07,Retail,1,Honda CBR500R,389000.0,11,4279000.0,Transfer
90,2025-06-07,Retail,39,Vespa GTS Super 300,398000.0,20,7960000.0,Credit Card
91,2025-06-07,Wholesale,39,Vespa GTS Super 300,398000.0,20,7960000.0,Cash
92,2025-06-07,Wholesale,22,Bristol Bobber 650,398000.0,8,3184000.0,Cash
93,2025-06-08,Wholesale,37,Moto Morini X-Cape 650,369000.0,27,9963000.0,Cash
94,2025-06-08,Wholesale,22,Bristol Bobber 650,398000.0,1,398000.0,Transfer
95,2025-06-08,Wholesale,47,Suzuki Burgman Street 125,80900.0,5,404500.0,Transfer
96,2025-06-08,Retail,6,CFMoto 300NK,165000.0,4,660000.0,Credit Card
97,2025-06-08,Wholesale,5,Royal Enfield Classic 350,250000.0,1,250000.0,Transfer
98,2025-06-08,Retail,44,CFMoto 300SR,165000.0,15,2475000.0,Cash
99,2025-06-08,Wholesale,20,Kawasaki Z400,331000.0,11,3641000.0,Credit Card
100,2025-06-08,Retail,42,Honda Rebel 1100,650000.0,21,13650000.0,Cash
101,2025-06-08,Wholesale,44,CFMoto 300SR,165000.0,1,165000.0,Credit Card
102,2025-06-08,Retail,36,Benelli 502C,349000.0,19,6631000.0,Transfer
103,2025-06-08,Wholesale,42,Honda Rebel 1100,650000.0,5,3250000.0,Credit Card
104,2025-06-08,Retail,47,Suzuki Burgman Street 125,80900.0,18,1456200.0,Credit Card
105,2025-06-08,Retail,12,Honda ADV 160,164900.0,48,7915200.0,Cash
106,2025-06-08,Wholesale,13,Suzuki Avenis 125,79900.0,46,3675400.0,Cash
107,2025-06-08,Wholesale,17,Husqvarna Svartpilen 401,295000.0,15,4425000.0,Credit Card
108,2025-06-09,Retail,25,CFMoto 650MT,345000.0,13,4485000.0,Cash
109,2025-06-09,Retail,43,KTM 790 Duke,599000.0,14,8386000.0,Transfer
110,2025-06-09,Wholesale,15,BMW G 310 GS,320000.0,20,6400000.0,Credit Card
111,2025-06-09,Wholesale,50,SYM Husky 150,72900.0,11,801900.0,Credit Card
112,2025-06-09,Retail,1,Honda CBR500R,389000.0,21,8169000.0,Cash
113,2025-06-09,Retail,31,SYM Jet X 150,128000.0,3,384000.0,Credit Card
114,2025-06-09,Wholesale,19,Suzuki GSX-S150,125000.0,17,2125000.0,Credit Card
115,2025-06-09,Wholesale,41,BMW R nineT,995000.0,25,24875000.0,Credit Card
116,2025-06-09,Retail,19,Suzuki GSX-S150,125000.0,8,1000000.0,Cash
117,2025-06-09,Retail,21,Yamaha Aerox 155,124000.0,13,1612000.0,Cash
118,2025-06-10,Wholesale,15,BMW G 310 GS,320000.0,20,6400000.0,Transfer
119,2025-06-10,Retail,49,Moto Guzzi V7 Stone,689000.0,16,11024000.0,Credit Card
120,2025-06-10,Retail,50,SYM Husky 150,72900.0,7,510300.0,Cash
121,2025-06-10,Wholesale,26,Honda Click 125i,80900.0,2,161800.0,Cash
122,2025-06-10,Wholesale,41,BMW R nineT,995000.0,5,4975000.0,Credit Card
123,2025-06-10,Retail,38,Yamaha FZi 150,99900.0,5,499500.0,Cash
124,2025-06-10,Retail,13,Suzuki Avenis 125,79900.0,43,3435700.0,Credit Card
125,2025-06-10,Wholesale,25,CFMoto 650MT,345000.0,22,7590000.0,Transfer
126,2025-06-11,Wholesale,22,Bristol Bobber 650,398000.0,22,8756000.0,Credit Card
127,2025-06-11,Retail,26,Honda Click 125i,80900.0,38,3074200.0,Transfer
128,2025-06-11,Wholesale,24,Motorstar Xplorer 250R,78900.0,23,1814700.0,Transfer
129,2025-06-11,Retail,22,Bristol Bobber 650,398000.0,7,2786000.0,Credit Card
130,2025-06-11,Retail,17,Husqvarna Svartpilen 401,295000.0,11,3245000.0,Transfer
131,2025-06-12,Retail,15,BMW G 310 GS,320000.0,49,15680000.0,Credit Card
132,2025-06-12,Retail,36,Benelli 502C,349000.0,12,4188000.0,Transfer
133,2025-06-12,Retail,6,CFMoto 300NK,165000.0,43,7095000.0,Cash
134,2025-06-12,Retail,15,BMW G 310 GS,320000.0,35,11200000.0,Cash
135,2025-06-12,Wholesale,1,Honda CBR500R,389000.0,14,5446000.0,Transfer
136,2025-06-12,Wholesale,9,Yamaha XSR155,182000.0,11,2002000.0,Cash
137,2025-06-12,Wholesale,35,Yamaha XMAX 300,319000.0,17,5423000.0,Transfer
138,2025-06-12,Wholesale,6,CFMoto 300NK,165000.0,30,4950000.0,Transfer
139,2025-06-12,Retail,29,Honda CRF300L,284900.0,32,9116800.0,Cash
140,2025-06-12,Wholesale,9,Yamaha XSR155,182000.0,20,3640000.0,Credit Card
141,2025-06-12,Wholesale,1,Honda CBR500R,389000.0,3,1167000.0,Credit Card
142,2025-06-12,Wholesale,23,Keeway RKS 150 Sport,68900.0,11,757900.0,Cash
143,2025-06-12,Wholesale,48,Zontes GK350,269000.0,17,4573000.0,Credit Card
144,2025-06-12,Retail,33,Zontes 310X,248000.0,25,6200000.0,Cash
145,2025-06-13,Retail,49,Moto Guzzi V7 Stone,689000.0,13,8957000.0,Cash
146,2025-06-13,Retail,48,Zontes GK350,269000.0,45,12105000.0,Credit Card
147,2025-06-13,Wholesale,28,Bajaj CT125,67900.0,30,2037000.0,Credit Card
148,2025-06-13,Wholesale,38,Yamaha FZi 150,99900.0,30,2997000.0,Credit Card
149,2025-06-13,Retail,44,CFMoto 300SR,165000.0,42,6930000.0,Credit Card
150,2025-06-13,Wholesale,49,Moto Guzzi V7 Stone,689000.0,5,3445000.0,Credit Card
151,2025-06-13,Wholesale,16,TVS Apache RTR 200 4V,129000.0,16,2064000.0,Transfer
152,2025-06-13,Retail,39,Vespa GTS Super 300,398000.0,41,16318000.0,Transfer
153,2025-06-13,Retail,21,Yamaha Aerox 155,124000.0,15,1860000.0,Credit Card
154,2025-06-13,Retail,12,Honda ADV 160,164900.0,11,1813900.0,Cash
155,2025-06-13,Retail,40,Kawasaki KLX 230,199000.0,4,796000.0,Credit Card
156,2025-06-14,Retail,49,Moto Guzzi V7 Stone,689000.0,43,29627000.0,Transfer
157,2025-06-14,Retail,49,Moto Guzzi V7 Stone,689000.0,40,27560000.0,Cash
158,2025-06-14,Retail,42,Honda Rebel 1100,650000.0,1,650000.0,Transfer
159,2025-06-14,Retail,15,BMW G 310 GS,320000.0,16,5120000.0,Credit Card
160,2025-06-14,Retail,22,Bristol Bobber 650,398000.0,12,4776000.0,Credit Card
161,2025-06-14,Wholesale,45,Italjet Dragster 200,289000.0,18,5202000.0,Cash
162,2025-06-14,Retail,34,Aprilia SR GT 200,219000.0,22,4818000.0,Cash
163,2025-06-14,Wholesale,23,Keeway RKS 150 Sport,68900.0,5,344500.0,Transfer
164,2025-06-14,Wholesale,2,Yamaha MT-15,178000.0,40,7120000.0,Credit Card
165,2025-06-14,Retail,49,Moto Guzzi V7 Stone,689000.0,21,14469000.0,Transfer
166,2025-06-14,Wholesale,8,KTM Duke 200,178000.0,3,534000.0,Unknown
167,2025-06-15,Wholesale,38,Yamaha FZi 150,99900.0,18,1798200.0,Credit Card
168,2025-06-15,Wholesale,13,Suzuki Avenis 125,79900.0,7,559300.0,Credit Card
169,2025-06-15,Unknown,8,KTM Duke 200,178000.0,15,2670000.0,Cash
170,2025-06-15,Retail,32,Harley-Davidson Street 750,499000.0,19,9481000.0,Transfer
171,2025-06-15,Retail,6,CFMoto 300NK,165000.0,35,5775000.0,Cash
172,2025-06-15,Retail,47,Suzuki Burgman Street 125,80900.0,10,809000.0,Credit Card
173,2025-06-15,Retail,38,Yamaha FZi 150,99900.0,16,1598400.0,Transfer
174,2025-06-15,Wholesale,10,Bajaj Dominar 400,199900.0,41,8195900.0,Transfer
175,2025-06-15,Wholesale,10,Bajaj Dominar 400,199900.0,41,8195900.0,Cash
176,2025-06-15,Retail,19,Suzuki GSX-S150,125000.0,1,125000.0,Cash
177,2025-06-16,Wholesale,26,Honda Click 125i,80900.0,16,1294400.0,Cash
178,2025-06-16,Retail,24,Motorstar Xplorer 250R,78900.0,5,394500.0,Transfer
179,2025-06-16,Wholesale,28,Bajaj CT125,67900.0,10,679000.0,Cash
180,2025-06-16,Retail,28,Bajaj CT125,67900.0,13,882700.0,Credit Card
181,2025-06-16,Retail,30,Rusi Flash 125,48000.0,14,672000.0,Cash
182,2025-06-16,Retail,44,CFMoto 300SR,165000.0,13,2145000.0,Credit Card
183,2025-06-16,Wholesale,5,Royal Enfield Classic 350,250000.0,5,1250000.0,Transfer
184,2025-06-16,Retail,33,Zontes 310X,248000.0,50,12400000.0,Cash
185,2025-06-16,Retail,38,Yamaha FZi 150,99900.0,12,1198800.0,Cash
186,2025-06-16,Wholesale,2,Yamaha MT-15,178000.0,36,6408000.0,Transfer
187,2025-06-16,Retail,50,SYM Husky 150,72900.0,19,1385100.0,Credit Card
188,2025-06-16,Wholesale,14,KTM RC 200,198000.0,37,7326000.0,Credit Card
189,2025-06-16,Retail,38,Yamaha FZi 150,99900.0,19,1898100.0,Credit Card
190,2025-06-17,Wholesale,24,Motorstar Xplorer 250R,78900.0,43,3392700.0,Transfer
191,2025-06-17,Retail,48,Zontes GK350,269000.0,1,269000.0,Transfer
192,2025-06-17,Retail,33,Zontes 310X,248000.0,15,3720000.0,Credit Card
193,2025-06-17,Wholesale,31,SYM Jet X 150,128000.0,15,1920000.0,Cash
194,2025-06-17,Retail,17,Husqvarna Svartpilen 401,295000.0,20,5900000.0,Credit Card
195,2025-06-17,Wholesale,2,Yamaha MT-15,178000.0,39,6942000.0,Transfer
196,2025-06-17,Wholesale,13,Suzuki Avenis 125,79900.0,14,1118600.0,Credit Card
197,2025-06-17,Retail,20,Kawasaki Z400,331000.0,46,15226000.0,Credit Card
198,2025-06-17,Retail,14,KTM RC 200,198000.0,15,2970000.0,Transfer
199,2025-06-17,Wholesale,50,SYM Husky 150,72900.0,32,2332800.0,Transfer
200,2025-06-17,Retail,36,Benelli 502C,349000.0,41,14309000.0,Credit Card
201,2025-06-17,Wholesale,34,Aprilia SR GT 200,219000.0,24,5256000.0,Transfer
202,2025-06-17,Retail,18,Vespa Primavera 150,210000.0,48,10080000.0,Unknown
203,2025-06-17,Wholesale,50,SYM Husky 150,72900.0,14,1020600.0,Cash
204,2025-06-17,Wholesale,25,CFMoto 650MT,345000.0,19,6555000.0,Transfer
205,2025-06-18,Wholesale,12,Honda ADV 160,164900.0,50,8245000.0,Credit Card
206,2025-06-18,Wholesale,34,Aprilia SR GT 200,219000.0,4,876000.0,Credit Card
207,2025-06-18,Retail,5,Royal Enfield Classic 350,250000.0,11,2750000.0,Credit Card
208,2025-06-18,Retail,3,Kawasaki Ninja 400,340000.0,16,5440000.0,Transfer
209,2025-06-18,Retail,27,Yamaha Sniper 155,125900.0,18,2266200.0,Cash
210,2025-06-18,Wholesale,36,Benelli 502C,349000.0,1,349000.0,Transfer
211,2025-06-18,Wholesale,3,Kawasaki Ninja 400,340000.0,5,1700000.0,Transfer
212,2025-06-18,Retail,3,Kawasaki Ninja 400,340000.0,9,3060000.0,Credit Card
213,2025-06-19,Wholesale,14,KTM RC 200,198000.0,14,2772000.0,Unknown
214,2025-06-19,Wholesale,8,KTM Duke 200,178000.0,9,1602000.0,Cash
215,2025-06-19,Wholesale,21,Yamaha Aerox 155,124000.0,11,1364000.0,Credit Card
216,2025-06-19,Wholesale,35,Yamaha XMAX 300,319000.0,10,3190000.0,Cash
217,2025-06-19,Retail,26,Honda Click 125i,80900.0,1,80900.0,Cash
218,2025-06-19,Wholesale,33,Zontes 310X,248000.0,48,11904000.0,Credit Card
219,2025-06-19,Wholesale,19,Suzuki GSX-S150,125000.0,3,375000.0,Transfer
220,2025-06-19,Wholesale,5,Royal Enfield Classic 350,250000.0,6,1500000.0,Cash
221,2025-06-19,Wholesale,24,Motorstar Xplorer 250R,78900.0,2,157800.0,Credit Card
222,2025-06-19,Retail,5,Royal Enfield Classic 350,250000.0,38,9500000.0,Credit Card
223,2025-06-19,Wholesale,19,Suzuki GSX-S150,125000.0,3,375000.0,Cash
224,2025-06-19,Wholesale,6,CFMoto 300NK,165000.0,23,3795000.0,Credit Card
225,2025-06-19,Retail,48,Zontes GK350,269000.0,13,3497000.0,Credit Card
226,2025-06-19,Retail,29,Honda CRF300L,284900.0,13,3703700.0,Transfer
227,2025-06-20,Wholesale,32,Harley-Davidson Street 750,499000.0,6,2994000.0,Credit Card
228,2025-06-20,Retail,42,Honda Rebel 1100,650000.0,1,650000.0,Credit Card
229,2025-06-20,Retail,38,Yamaha FZi 150,99900.0,35,3496500.0,Cash
230,2025-06-20,Retail,14,KTM RC 200,198000.0,11,2178000.0,Cash
231,2025-06-20,Wholesale,5,Royal Enfield Classic 350,250000.0,7,1750000.0,Transfer
232,2025-06-20,Retail,22,Bristol Bobber 650,398000.0,1,398000.0,Transfer
233,2025-06-20,Retail,24,Motorstar Xplorer 250R,78900.0,43,3392700.0,Transfer
234,2025-06-21,Wholesale,33,Zontes 310X,248000.0,7,1736000.0,Cash
235,2025-06-21,Retail,27,Yamaha Sniper 155,125900.0,24,3021600.0,Credit Card
236,2025-06-21,Retail,36,Benelli 502C,349000.0,21,7329000.0,Transfer
237,2025-06-21,Retail,46,Yamaha Serow 250,299000.0,19,5681000.0,Cash
238,2025-06-21,Retail,28,Bajaj CT125,67900.0,20,1358000.0,Credit Card
239,2025-06-21,Wholesale,1,Honda CBR500R,389000.0,13,5057000.0,Transfer
240,2025-06-21,Wholesale,45,Italjet Dragster 200,289000.0,10,2890000.0,Credit Card
241,2025-06-21,Retail,36,Benelli 502C,349000.0,19,6631000.0,Transfer
242,2025-06-21,Retail,31,SYM Jet X 150,128000.0,20,2560000.0,Transfer
243,2025-06-21,Wholesale,12,Honda ADV 160,164900.0,12,1978800.0,Transfer
244,2025-06-21,Retail,28,Bajaj CT125,67900.0,31,2104900.0,Credit Card
245,2025-06-22,Retail,7,Bristol Veloce 500,328000.0,4,1312000.0,Credit Card
246,2025-06-22,Retail,23,Keeway RKS 150 Sport,68900.0,3,206700.0,Cash
247,2025-06-22,Retail,25,CFMoto 650MT,345000.0,49,16905000.0,Cash
248,2025-06-22,Retail,2,Yamaha MT-15,178000.0,41,7298000.0,Cash
249,2025-06-22,Retail,43,KTM 790 Duke,599000.0,49,29351000.0,Credit Card
250,2025-06-22,Retail,30,Rusi Flash 125,48000.0,5,240000.0,Credit Card
251,2025-06-22,Retail,38,Yamaha FZi 150,99900.0,2,199800.0,Cash
252,2025-06-23,Wholesale,26,Honda Click 125i,80900.0,7,566300.0,Credit Card
253,2025-06-23,Wholesale,4,Suzuki Raider R150 Fi,119900.0,2,239800.0,Credit Card
254,2025-06-23,Retail,13,Suzuki Avenis 125,79900.0,19,1518100.0,Cash
255,2025-06-23,Wholesale,40,Kawasaki KLX 230,199000.0,8,1592000.0,Transfer
256,2025-06-23,Retail,43,KTM 790 Duke,599000.0,3,1797000.0,Cash
257,2025-06-23,Retail,48,Zontes GK350,269000.0,50,13450000.0,Credit Card
258,2025-06-23,Retail,33,Zontes 310X,248000.0,15,3720000.0,Transfer
259,2025-06-23,Wholesale,27,Yamaha Sniper 155,125900.0,6,755400.0,Transfer
260,2025-06-23,Retail,2,Yamaha MT-15,178000.0,16,2848000.0,Transfer
261,2025-06-23,Wholesale,46,Yamaha Serow 250,299000.0,11,3289000.0,Transfer
262,2025-06-23,Retail,19,Suzuki GSX-S150,125000.0,15,1875000.0,Transfer
263,2025-06-23,Wholesale,34,Aprilia SR GT 200,219000.0,17,3723000.0,Transfer
264,2025-06-23,Wholesale,18,Vespa Primavera 150,210000.0,26,5460000.0,Cash
265,2025-06-23,Retail,36,Benelli 502C,349000.0,11,3839000.0,Credit Card
266,2025-06-24,Wholesale,39,Vespa GTS Super 300,398000.0,19,7562000.0,Credit Card
267,2025-06-24,Retail,7,Bristol Veloce 500,328000.0,4,1312000.0,Credit Card
268,2025-06-24,Wholesale,5,Royal Enfield Classic 350,250000.0,8,2000000.0,Credit Card
269,2025-06-24,Retail,9,Yamaha XSR155,182000.0,20,3640000.0,Transfer
270,2025-06-24,Retail,24,Motorstar Xplorer 250R,78900.0,17,1341300.0,Credit Card
271,2025-06-24,Retail,8,KTM Duke 200,178000.0,12,2136000.0,Transfer
272,2025-06-24,Retail,1,Honda CBR500R,389000.0,4,1556000.0,Credit Card
273,2025-06-24,Wholesale,46,Yamaha Serow 250,299000.0,29,8671000.0,Transfer
274,2025-06-24,Retail,49,Moto Guzzi V7 Stone,689000.0,16,11024000.0,Transfer
275,2025-06-24,Retail,12,Honda ADV 160,164900.0,13,2143700.0,Cash
276,2025-06-24,Retail,19,Suzuki GSX-S150,125000.0,7,875000.0,Credit Card
277,2025-06-24,Retail,32,Harley-Davidson Street 750,499000.0,49,24451000.0,Credit Card
278,2025-06-24,Wholesale,23,Keeway RKS 150 Sport,68900.0,17,1171300.0,Credit Card
279,2025-06-24,Retail,29,Honda CRF300L,284900.0,12,3418800.0,Transfer
280,2025-06-24,Wholesale,9,Yamaha XSR155,182000.0,32,5824000.0,Transfer
281,2025-06-24,Wholesale,46,Yamaha Serow 250,299000.0,8,2392000.0,Cash
282,2025-06-25,Retail,43,KTM 790 Duke,599000.0,33,19767000.0,Cash
283,2025-06-25,Wholesale,17,Husqvarna Svartpilen 401,295000.0,50,14750000.0,Credit Card
284,2025-06-25,Wholesale,17,Husqvarna Svartpilen 401,295000.0,12,3540000.0,Credit Card
285,2025-06-25,Retail,18,Vespa Primavera 150,210000.0,1,210000.0,Cash
286,2025-06-25,Wholesale,43,KTM 790 Duke,599000.0,5,2995000.0,Cash
287,2025-06-25,Wholesale,1,Honda CBR500R,389000.0,47,18283000.0,Cash
288,2025-06-25,Wholesale,22,Bristol Bobber 650,398000.0,4,1592000.0,Transfer
289,2025-06-25,Retail,6,CFMoto 300NK,165000.0,2,330000.0,Transfer
290,2025-06-25,Wholesale,30,Rusi Flash 125,48000.0,40,1920000.0,Cash
291,2025-06-25,Retail,16,TVS Apache RTR 200 4V,129000.0,8,1032000.0,Transfer
292,2025-06-26,Retail,46,Yamaha Serow 250,299000.0,28,8372000.0,Transfer
293,2025-06-26,Retail,39,Vespa GTS Super 300,398000.0,18,7164000.0,Credit Card
294,2025-06-26,Wholesale,38,Yamaha FZi 150,99900.0,16,1598400.0,Cash
295,2025-06-26,Wholesale,37,Moto Morini X-Cape 650,369000.0,16,5904000.0,Transfer
296,2025-06-26,Wholesale,33,Zontes 310X,248000.0,6,1488000.0,Credit Card
297,2025-06-26,Retail,12,Honda ADV 160,164900.0,19,3133100.0,Transfer
298,2025-06-26,Retail,41,BMW R nineT,995000.0,15,14925000.0,Credit Card
299,2025-06-26,Retail,5,Royal Enfield Classic 350,250000.0,19,4750000.0,Cash
300,2025-06-26,Retail,4,Suzuki Raider R150 Fi,119900.0,12,1438800.0,Transfer
301,2025-06-26,Wholesale,12,Honda ADV 160,164900.0,7,1154300.0,Credit Card
302,2025-06-26,Wholesale,7,Bristol Veloce 500,328000.0,20,6560000.0,Transfer
303,2025-06-26,Wholesale,36,Benelli 502C,349000.0,40,13960000.0,Transfer
304,2025-06-27,Wholesale,26,Honda Click 125i,80900.0,21,1698900.0,Cash
305,2025-06-27,Wholesale,6,CFMoto 300NK,165000.0,19,3135000.0,Transfer
306,2025-06-27,Retail,26,Honda Click 125i,80900.0,3,242700.0,Cash
307,2025-06-27,Retail,3,Kawasaki Ninja 400,340000.0,2,680000.0,Credit Card
308,2025-06-27,Retail,8,KTM Duke 200,178000.0,14,2492000.0,Cash
309,2025-06-27,Retail,9,Yamaha XSR155,182000.0,21,3822000.0,Cash
310,2025-06-27,Retail,42,Honda Rebel 1100,650000.0,8,5200000.0,Transfer
311,2025-06-27,Wholesale,36,Benelli 502C,349000.0,46,16054000.0,Credit Card
312,2025-06-27,Retail,50,SYM Husky 150,72900.0,8,583200.0,Credit Card
313,2025-06-27,Retail,44,CFMoto 300SR,165000.0,19,3135000.0,Credit Card
314,2025-06-27,Retail,18,Vespa Primavera 150,210000.0,16,3360000.0,Credit Card
315,2025-06-28,Wholesale,3,Kawasaki Ninja 400,340000.0,8,2720000.0,Unknown
316,2025-06-28,Wholesale,9,Yamaha XSR155,182000.0,2,364000.0,Transfer
317,2025-06-28,Retail,16,TVS Apache RTR 200 4V,129000.0,9,1161000.0,Transfer
318,2025-06-28,Retail,30,Rusi Flash 125,48000.0,48,2304000.0,Cash
319,2025-06-28,Retail,18,Vespa Primavera 150,210000.0,46,9660000.0,Credit Card
320,2025-06-28,Retail,15,BMW G 310 GS,320000.0,3,960000.0,Transfer
321,2025-06-28,Wholesale,7,Bristol Veloce 500,328000.0,1,328000.0,Transfer
322,2025-06-28,Wholesale,46,Yamaha Serow 250,299000.0,26,7774000.0,Transfer
323,2025-06-28,Wholesale,48,Zontes GK350,269000.0,14,3766000.0,Cash
324,2025-06-28,Wholesale,47,Suzuki Burgman Street 125,80900.0,16,1294400.0,Transfer
325,2025-06-29,Wholesale,8,KTM Duke 200,178000.0,7,1246000.0,Transfer
326,2025-06-29,Retail,15,BMW G 310 GS,320000.0,19,6080000.0,Cash
327,2025-06-29,Wholesale,21,Yamaha Aerox 155,124000.0,33,4092000.0,Credit Card
328,2025-06-29,Wholesale,28,Bajaj CT125,67900.0,11,746900.0,Transfer
329,2025-06-29,Retail,15,BMW G 310 GS,320000.0,4,1280000.0,Cash
330,2025-06-29,Wholesale,7,Bristol Veloce 500,328000.0,12,3936000.0,Cash
331,2025-06-29,Wholesale,44,CFMoto 300SR,165000.0,37,6105000.0,Credit Card
332,2025-06-29,Retail,27,Yamaha Sniper 155,125900.0,7,881300.0,Credit Card
333,2025-06-30,Wholesale,12,Honda ADV 160,164900.0,5,824500.0,Cash
334,2025-06-30,Retail,38,Yamaha FZi 150,99900.0,5,499500.0,Cash
335,2025-06-30,Wholesale,30,Rusi Flash 125,48000.0,45,2160000.0,Credit Card
336,2025-06-30,Retail,42,Honda Rebel 1100,650000.0,38,24700000.0,Transfer
337,2025-06-30,Wholesale,23,Keeway RKS 150 Sport,68900.0,26,1791400.0,Transfer
338,2025-06-30,Retail,50,SYM Husky 150,72900.0,9,656100.0,Credit Card
339,2025-06-30,Retail,24,Motorstar Xplorer 250R,78900.0,20,1578000.0,Credit Card
340,2025-06-30,Retail,23,Keeway RKS 150 Sport,68900.0,15,1033500.0,Credit Card
341,2025-06-30,Wholesale,34,Aprilia SR GT 200,219000.0,39,8541000.0,Transfer
342,2025-06-30,Wholesale,5,Royal Enfield Classic 350,250000.0,30,7500000.0,Cash
343,2025-07-01,Retail,24,Motorstar Xplorer 250R,78900.0,19,1499100.0,Transfer
344,2025-07-01,Retail,49,Moto Guzzi V7 Stone,689000.0,10,6890000.0,Transfer
345,2025-07-01,Retail,1,Honda CBR500R,389000.0,19,7391000.0,Credit Card
346,2025-07-01,Retail,19,Suzuki GSX-S150,125000.0,6,750000.0,Cash
347,2025-07-02,Retail,3,Kawasaki Ninja 400,340000.0,25,8500000.0,Credit Card
348,2025-07-02,Retail,46,Yamaha Serow 250,299000.0,13,3887000.0,Transfer
349,2025-07-02,Wholesale,10,Bajaj Dominar 400,199900.0,1,199900.0,Transfer
350,2025-07-02,Retail,46,Yamaha Serow 250,299000.0,32,9568000.0,Credit Card
351,2025-07-02,Retail,34,Aprilia SR GT 200,219000.0,3,657000.0,Transfer
352,2025-07-02,Retail,39,Vespa GTS Super 300,398000.0,13,5174000.0,Cash
353,2025-07-02,Retail,10,Bajaj Dominar 400,199900.0,6,1199400.0,Credit Card
354,2025-07-02,Retail,21,Yamaha Aerox 155,124000.0,31,3844000.0,Transfer
355,2025-07-02,Retail,43,KTM 790 Duke,599000.0,10,5990000.0,Unknown
356,2025-07-02,Wholesale,20,Kawasaki Z400,331000.0,39,12909000.0,Cash
357,2025-07-02,Wholesale,1,Honda CBR500R,389000.0,3,1167000.0,Cash
358,2025-07-02,Wholesale,5,Royal Enfield Classic 350,250000.0,19,4750000.0,Credit Card
359,2025-07-03,Retail,38,Yamaha FZi 150,99900.0,19,1898100.0,Credit Card
360,2025-07-03,Wholesale,6,CFMoto 300NK,165000.0,20,3300000.0,Credit Card
361,2025-07-03,Retail,40,Kawasaki KLX 230,199000.0,13,2587000.0,Transfer
362,2025-07-03,Retail,36,Benelli 502C,349000.0,15,5235000.0,Cash
363,2025-07-03,Retail,33,Zontes 310X,248000.0,6,1488000.0,Transfer
364,2025-07-03,Wholesale,37,Moto Morini X-Cape 650,369000.0,19,7011000.0,Transfer
365,2025-07-03,Wholesale,46,Yamaha Serow 250,299000.0,17,5083000.0,Credit Card
366,2025-07-03,Wholesale,25,CFMoto 650MT,345000.0,3,1035000.0,Unknown
367,2025-07-03,Wholesale,2,Yamaha MT-15,178000.0,1,178000.0,Credit Card
368,2025-07-03,Retail,29,Honda CRF300L,284900.0,12,3418800.0,Credit Card
369,2025-07-03,Retail,23,Keeway RKS 150 Sport,68900.0,16,1102400.0,Credit Card
370,2025-07-03,Retail,13,Suzuki Avenis 125,79900.0,42,3355800.0,Credit Card
371,2025-07-03,Retail,49,Moto Guzzi V7 Stone,689000.0,1,689000.0,Cash
372,2025-07-03,Wholesale,33,Zontes 310X,248000.0,40,9920000.0,Transfer
373,2025-07-03,Retail,26,Honda Click 125i,80900.0,15,1213500.0,Cash
374,2025-07-03,Retail,10,Bajaj Dominar 400,199900.0,50,9995000.0,Cash
375,2025-07-03,Wholesale,28,Bajaj CT125,67900.0,47,3191300.0,Transfer
376,2025-07-03,Retail,35,Yamaha XMAX 300,319000.0,19,6061000.0,Cash
377,2025-07-03,Wholesale,26,Honda Click 125i,80900.0,21,1698900.0,Cash
378,2025-07-03,Retail,49,Moto Guzzi V7 Stone,689000.0,6,4134000.0,Transfer
379,2025-07-04,Wholesale,4,Suzuki Raider R150 Fi,119900.0,5,599500.0,Credit Card
380,2025-07-04,Retail,11,Yamaha NMAX 155,151900.0,32,4860800.0,Credit Card
381,2025-07-04,Retail,4,Suzuki Raider R150 Fi,119900.0,11,1318900.0,Cash
382,2025-07-04,Wholesale,26,Honda Click 125i,80900.0,18,1456200.0,Transfer
383,2025-07-04,Retail,46,Yamaha Serow 250,299000.0,3,897000.0,Transfer
384,2025-07-04,Retail,44,CFMoto 300SR,165000.0,12,1980000.0,Credit Card
385,2025-07-04,Retail,13,Suzuki Avenis 125,79900.0,15,1198500.0,Cash
386,2025-07-04,Wholesale,11,Yamaha NMAX 155,151900.0,29,4405100.0,Credit Card
387,2025-07-04,Retail,13,Suzuki Avenis 125,79900.0,9,719100.0,Cash
388,2025-07-04,Retail,7,Bristol Veloce 500,328000.0,1,328000.0,Credit Card
389,2025-07-05,Wholesale,24,Motorstar Xplorer 250R,78900.0,10,789000.0,Credit Card
390,2025-07-05,Wholesale,25,CFMoto 650MT,345000.0,9,3105000.0,Cash
391,2025-07-05,Retail,23,Keeway RKS 150 Sport,68900.0,21,1446900.0,Cash
392,2025-07-05,Wholesale,31,SYM Jet X 150,128000.0,12,1536000.0,Credit Card
393,2025-07-05,Wholesale,19,Suzuki GSX-S150,125000.0,42,5250000.0,Credit Card
394,2025-07-05,Wholesale,27,Yamaha Sniper 155,125900.0,18,2266200.0,Credit Card
395,2025-07-05,Wholesale,41,BMW R nineT,995000.0,25,24875000.0,Transfer
396,2025-07-05,Retail,40,Kawasaki KLX 230,199000.0,7,1393000.0,Transfer
397,2025-07-05,Wholesale,25,CFMoto 650MT,345000.0,24,8280000.0,Transfer
398,2025-07-05,Retail,4,Suzuki Raider R150 Fi,119900.0,7,839300.0,Cash
399,2025-07-06,Retail,28,Bajaj CT125,67900.0,17,1154300.0,Transfer
400,2025-07-06,Wholesale,18,Vespa Primavera 150,210000.0,7,1470000.0,Transfer
401,2025-07-06,Retail,33,Zontes 310X,248000.0,12,2976000.0,Cash
402,2025-07-06,Wholesale,21,Yamaha Aerox 155,124000.0,9,1116000.0,Cash
403,2025-07-06,Wholesale,22,Bristol Bobber 650,398000.0,13,5174000.0,Credit Card
404,2025-07-06,Retail,13,Suzuki Avenis 125,79900.0,34,2716600.0,Transfer
405,2025-07-06,Retail,35,Yamaha XMAX 300,319000.0,18,5742000.0,Cash
406,2025-07-06,Wholesale,49,Moto Guzzi V7 Stone,689000.0,16,11024000.0,Transfer
407,2025-07-06,Retail,6,CFMoto 300NK,165000.0,18,2970000.0,Credit Card
408,2025-07-06,Retail,36,Benelli 502C,349000.0,42,14658000.0,Cash
409,2025-07-06,Wholesale,25,CFMoto 650MT,345000.0,13,4485000.0,Transfer
410,2025-07-06,Retail,34,Aprilia SR GT 200,219000.0,28,6132000.0,Credit Card
411,2025-07-06,Wholesale,50,SYM Husky 150,72900.0,29,2114100.0,Transfer
412,2025-07-07,Wholesale,20,Kawasaki Z400,331000.0,50,16550000.0,Cash
413,2025-07-07,Retail,40,Kawasaki KLX 230,199000.0,9,1791000.0,Cash
414,2025-07-07,Retail,28,Bajaj CT125,67900.0,1,67900.0,Credit Card
415,2025-07-07,Wholesale,13,Suzuki Avenis 125,79900.0,42,3355800.0,Transfer
416,2025-07-07,Wholesale,4,Suzuki Raider R150 Fi,119900.0,17,2038300.0,Credit Card
417,2025-07-07,Wholesale,37,Moto Morini X-Cape 650,369000.0,49,18081000.0,Transfer
418,2025-07-07,Retail,42,Honda Rebel 1100,650000.0,41,26650000.0,Credit Card
419,2025-07-07,Wholesale,15,BMW G 310 GS,320000.0,22,7040000.0,Credit Card
420,2025-07-08,Wholesale,47,Suzuki Burgman Street 125,80900.0,42,3397800.0,Transfer
421,2025-07-08,Retail,46,Yamaha Serow 250,299000.0,6,1794000.0,Credit Card
422,2025-07-08,Wholesale,12,Honda ADV 160,164900.0,43,7090700.0,Cash
423,2025-07-08,Wholesale,23,Keeway RKS 150 Sport,68900.0,15,1033500.0,Unknown
424,2025-07-08,Wholesale,28,Bajaj CT125,67900.0,4,271600.0,Transfer
425,2025-07-08,Retail,43,KTM 790 Duke,599000.0,5,2995000.0,Transfer
426,2025-07-08,Retail,11,Yamaha NMAX 155,151900.0,3,455700.0,Transfer
427,2025-07-08,Retail,41,BMW R nineT,995000.0,10,9950000.0,Cash
428,2025-07-08,Retail,44,CFMoto 300SR,165000.0,1,165000.0,Credit Card
429,2025-07-08,Wholesale,11,Yamaha NMAX 155,151900.0,9,1367100.0,Cash
430,2025-07-08,Wholesale,31,SYM Jet X 150,128000.0,35,4480000.0,Credit Card
431,2025-07-09,Retail,19,Suzuki GSX-S150,125000.0,9,1125000.0,Credit Card
432,2025-07-09,Wholesale,28,Bajaj CT125,67900.0,17,1154300.0,Transfer
433,2025-07-09,Wholesale,46,Yamaha Serow 250,299000.0,6,1794000.0,Credit Card
434,2025-07-09,Wholesale,16,TVS Apache RTR 200 4V,129000.0,37,4773000.0,Credit Card
435,2025-07-09,Wholesale,10,Bajaj Dominar 400,199900.0,1,199900.0,Credit Card
436,2025-07-09,Wholesale,11,Yamaha NMAX 155,151900.0,9,1367100.0,Credit Card
437,2025-07-09,Wholesale,38,Yamaha FZi 150,99900.0,16,1598400.0,Transfer
438,2025-07-09,Wholesale,22,Bristol Bobber 650,398000.0,11,4378000.0,Cash
439,2025-07-09,Retail,38,Yamaha FZi 150,99900.0,20,1998000.0,Cash
440,2025-07-09,Wholesale,5,Royal Enfield Classic 350,250000.0,15,3750000.0,Transfer
441,2025-07-09,Retail,24,Motorstar Xplorer 250R,78900.0,16,1262400.0,Transfer
442,2025-07-09,Retail,20,Kawasaki Z400,331000.0,18,5958000.0,Credit Card
443,2025-07-10,Retail,22,Bristol Bobber 650,398000.0,20,7960000.0,Transfer
444,2025-07-10,Wholesale,22,Bristol Bobber 650,398000.0,15,5970000.0,Cash
445,2025-07-10,Retail,9,Yamaha XSR155,182000.0,12,2184000.0,Credit Card
446,2025-07-10,Retail,48,Zontes GK350,269000.0,13,3497000.0,Transfer
447,2025-07-10,Wholesale,33,Zontes 310X,248000.0,49,12152000.0,Transfer
448,2025-07-10,Retail,14,KTM RC 200,198000.0,7,1386000.0,Credit Card
449,2025-07-10,Wholesale,22,Bristol Bobber 650,398000.0,10,3980000.0,Cash
450,2025-07-10,Wholesale,25,CFMoto 650MT,345000.0,18,6210000.0,Transfer
451,2025-07-11,Retail,40,Kawasaki KLX 230,199000.0,6,1194000.0,Transfer
452,2025-07-11,Wholesale,43,KTM 790 Duke,599000.0,26,15574000.0,Transfer
453,2025-07-11,Wholesale,46,Yamaha Serow 250,299000.0,27,8073000.0,Cash
454,2025-07-11,Wholesale,32,Harley-Davidson Street 750,499000.0,30,14970000.0,Cash
455,2025-07-11,Wholesale,39,Vespa GTS Super 300,398000.0,5,1990000.0,Credit Card
456,2025-07-12,Wholesale,19,Suzuki GSX-S150,125000.0,19,2375000.0,Cash
457,2025-07-12,Wholesale,34,Aprilia SR GT 200,219000.0,10,2190000.0,Cash
458,2025-07-12,Wholesale,42,Honda Rebel 1100,650000.0,17,11050000.0,Transfer
459,2025-07-12,Wholesale,25,CFMoto 650MT,345000.0,33,11385000.0,Credit Card
460,2025-07-12,Wholesale,12,Honda ADV 160,164900.0,48,7915200.0,Credit Card
461,2025-07-12,Retail,44,CFMoto 300SR,165000.0,20,3300000.0,Transfer
462,2025-07-12,Retail,50,SYM Husky 150,72900.0,2,145800.0,Cash
463,2025-07-12,Wholesale,39,Vespa GTS Super 300,398000.0,5,1990000.0,Cash
464,2025-07-12,Retail,17,Husqvarna Svartpilen 401,295000.0,43,12685000.0,Cash
465,2025-07-12,Wholesale,1,Honda CBR500R,389000.0,6,2334000.0,Cash
466,2025-07-13,Retail,9,Yamaha XSR155,182000.0,12,2184000.0,Transfer
467,2025-07-13,Wholesale,17,Husqvarna Svartpilen 401,295000.0,4,1180000.0,Transfer
468,2025-07-13,Retail,44,CFMoto 300SR,165000.0,18,2970000.0,Cash
469,2025-07-13,Wholesale,23,Keeway RKS 150 Sport,68900.0,14,964600.0,Cash
470,2025-07-13,Wholesale,25,CFMoto 650MT,345000.0,42,14490000.0,Credit Card
471,2025-07-14,Wholesale,10,Bajaj Dominar 400,199900.0,7,1399300.0,Transfer
472,2025-07-14,Retail,11,Yamaha NMAX 155,151900.0,5,759500.0,Transfer
473,2025-07-14,Retail,49,Moto Guzzi V7 Stone,689000.0,4,2756000.0,Transfer
474,2025-07-14,Retail,44,CFMoto 300SR,165000.0,44,7260000.0,Transfer
475,2025-07-14,Retail,13,Suzuki Avenis 125,79900.0,4,319600.0,Transfer
476,2025-07-14,Wholesale,14,KTM RC 200,198000.0,5,990000.0,Credit Card
477,2025-07-14,Wholesale,42,Honda Rebel 1100,650000.0,8,5200000.0,Cash
478,2025-07-14,Retail,2,Yamaha MT-15,178000.0,11,1958000.0,Credit Card
479,2025-07-14,Wholesale,21,Yamaha Aerox 155,124000.0,11,1364000.0,Cash
480,2025-07-14,Wholesale,39,Vespa GTS Super 300,398000.0,18,7164000.0,Cash
481,2025-07-14,Retail,4,Suzuki Raider R150 Fi,119900.0,18,2158200.0,Cash
482,2025-07-14,Wholesale,49,Moto Guzzi V7 Stone,689000.0,11,7579000.0,Credit Card
483,2025-07-15,Retail,19,Suzuki GSX-S150,125000.0,19,2375000.0,Transfer
484,2025-07-15,Wholesale,4,Suzuki Raider R150 Fi,119900.0,20,2398000.0,Credit Card
485,2025-07-15,Retail,19,Suzuki GSX-S150,125000.0,24,3000000.0,Cash
486,2025-07-15,Retail,22,Bristol Bobber 650,398000.0,37,14726000.0,Cash
487,2025-07-15,Wholesale,38,Yamaha FZi 150,99900.0,6,599400.0,Credit Card
488,2025-07-15,Retail,5,Royal Enfield Classic 350,250000.0,23,5750000.0,Credit Card
489,2025-07-15,Retail,9,Yamaha XSR155,182000.0,20,3640000.0,Credit Card
490,2025-07-15,Wholesale,18,Vespa Primavera 150,210000.0,15,3150000.0,Transfer
491,2025-07-15,Retail,45,Italjet Dragster 200,289000.0,26,7514000.0,Cash
492,2025-07-15,Wholesale,16,TVS Apache RTR 200 4V,129000.0,12,1548000.0,Cash
493,2025-07-16,Wholesale,4,Suzuki Raider R150 Fi,119900.0,16,1918400.0,Transfer
494,2025-07-16,Wholesale,48,Zontes GK350,269000.0,5,1345000.0,Credit Card
495,2025-07-16,Wholesale,46,Yamaha Serow 250,299000.0,8,2392000.0,Credit Card
496,2025-07-16,Wholesale,42,Honda Rebel 1100,650000.0,8,5200000.0,Credit Card
497,2025-07-16,Retail,26,Honda Click 125i,80900.0,12,970800.0,Credit Card
498,2025-07-16,Wholesale,47,Suzuki Burgman Street 125,80900.0,16,1294400.0,Cash
499,2025-07-16,Retail,4,Suzuki Raider R150 Fi,119900.0,4,479600.0,Credit Card
500,2025-07-17,Wholesale,30,Rusi Flash 125,48000.0,50,2400000.0,Transfer
501,2025-07-17,Wholesale,48,Zontes GK350,269000.0,4,1076000.0,Transfer
502,2025-07-17,Retail,48,Zontes GK350,269000.0,27,7263000.0,Transfer
503,2025-07-17,Wholesale,41,BMW R nineT,995000.0,26,25870000.0,Credit Card
504,2025-07-17,Retail,32,Harley-Davidson Street 750,499000.0,12,5988000.0,Credit Card
505,2025-07-17,Retail,49,Moto Guzzi V7 Stone,689000.0,7,4823000.0,Cash
506,2025-07-17,Wholesale,17,Husqvarna Svartpilen 401,295000.0,4,1180000.0,Credit Card
507,2025-07-17,Retail,17,Husqvarna Svartpilen 401,295000.0,6,1770000.0,Credit Card
508,2025-07-17,Wholesale,29,Honda CRF300L,284900.0,11,3133900.0,Cash
509,2025-07-17,Wholesale,44,CFMoto 300SR,165000.0,37,6105000.0,Transfer
510,2025-07-17,Retail,37,Moto Morini X-Cape 650,369000.0,13,4797000.0,Cash
511,2025-07-17,Wholesale,12,Honda ADV 160,164900.0,31,5111900.0,Credit Card
512,2025-07-17,Retail,23,Keeway RKS 150 Sport,68900.0,40,2756000.0,Cash
513,2025-07-18,Retail,46,Yamaha Serow 250,299000.0,31,9269000.0,Transfer
514,2025-07-18,Wholesale,38,Yamaha FZi 150,99900.0,5,499500.0,Cash
515,2025-07-18,Retail,6,CFMoto 300NK,165000.0,12,1980000.0,Credit Card
516,2025-07-18,Wholesale,2,Yamaha MT-15,178000.0,14,2492000.0,Cash
517,2025-07-18,Wholesale,41,BMW R nineT,995000.0,24,23880000.0,Credit Card
518,2025-07-18,Retail,40,Kawasaki KLX 230,199000.0,20,3980000.0,Credit Card
519,2025-07-18,Wholesale,40,Kawasaki KLX 230,199000.0,1,199000.0,Credit Card
520,2025-07-18,Retail,38,Yamaha FZi 150,99900.0,29,2897100.0,Cash
521,2025-07-18,Retail,39,Vespa GTS Super 300,398000.0,19,7562000.0,Credit Card
522,2025-07-18,Retail,19,Suzuki GSX-S150,125000.0,5,625000.0,Transfer
523,2025-07-18,Wholesale,36,Benelli 502C,349000.0,18,6282000.0,Credit Card
524,2025-07-19,Wholesale,10,Bajaj Dominar 400,199900.0,15,2998500.0,Cash
525,2025-07-19,Wholesale,24,Motorstar Xplorer 250R,78900.0,32,2524800.0,Credit Card
526,2025-07-19,Wholesale,23,Keeway RKS 150 Sport,68900.0,1,68900.0,Credit Card
527,2025-07-19,Wholesale,38,Yamaha FZi 150,99900.0,17,1698300.0,Credit Card
528,2025-07-19,Retail,30,Rusi Flash 125,48000.0,10,480000.0,Transfer
529,2025-07-19,Wholesale,45,Italjet Dragster 200,289000.0,5,1445000.0,Cash
530,2025-07-19,Wholesale,13,Suzuki Avenis 125,79900.0,6,479400.0,Transfer
531,2025-07-19,Retail,2,Yamaha MT-15,178000.0,29,5162000.0,Cash
532,2025-07-19,Retail,1,Honda CBR500R,389000.0,16,6224000.0,Transfer
533,2025-07-20,Wholesale,1,Honda CBR500R,389000.0,18,7002000.0,Cash
534,2025-07-20,Wholesale,11,Yamaha NMAX 155,151900.0,17,2582300.0,Transfer
535,2025-07-20,Retail,34,Aprilia SR GT 200,219000.0,7,1533000.0,Credit Card
536,2025-07-20,Wholesale,23,Keeway RKS 150 Sport,68900.0,7,482300.0,Cash
537,2025-07-20,Wholesale,4,Suzuki Raider R150 Fi,119900.0,37,4436300.0,Transfer
538,2025-07-20,Retail,21,Yamaha Aerox 155,124000.0,28,3472000.0,Cash
539,2025-07-20,Retail,35,Yamaha XMAX 300,319000.0,2,638000.0,Transfer
540,2025-07-20,Retail,37,Moto Morini X-Cape 650,369000.0,20,7380000.0,Credit Card
541,2025-07-20,Wholesale,22,Bristol Bobber 650,398000.0,28,11144000.0,Transfer
542,2025-07-20,Wholesale,9,Yamaha XSR155,182000.0,8,1456000.0,Transfer
543,2025-07-21,Retail,19,Suzuki GSX-S150,125000.0,11,1375000.0,Cash
544,2025-07-21,Wholesale,18,Vespa Primavera 150,210000.0,13,2730000.0,Transfer
545,2025-07-21,Wholesale,40,Kawasaki KLX 230,199000.0,50,9950000.0,Cash
546,2025-07-21,Retail,45,Italjet Dragster 200,289000.0,30,8670000.0,Transfer
547,2025-07-21,Wholesale,45,Italjet Dragster 200,289000.0,2,578000.0,Transfer
548,2025-07-21,Wholesale,16,TVS Apache RTR 200 4V,129000.0,47,6063000.0,Credit Card
549,2025-07-21,Retail,13,Suzuki Avenis 125,79900.0,38,3036200.0,Cash
550,2025-07-21,Wholesale,34,Aprilia SR GT 200,219000.0,1,219000.0,Cash
551,2025-07-21,Wholesale,40,Kawasaki KLX 230,199000.0,11,2189000.0,Credit Card
552,2025-07-21,Retail,9,Yamaha XSR155,182000.0,11,2002000.0,Transfer
553,2025-07-21,Wholesale,4,Suzuki Raider R150 Fi,119900.0,15,1798500.0,Transfer
554,2025-07-21,Wholesale,41,BMW R nineT,995000.0,14,13930000.0,Cash
555,2025-07-21,Retail,45,Italjet Dragster 200,289000.0,46,13294000.0,Cash
556,2025-07-21,Wholesale,6,CFMoto 300NK,165000.0,3,495000.0,Cash
557,2025-07-21,Wholesale,34,Aprilia SR GT 200,219000.0,3,657000.0,Credit Card
558,2025-07-22,Retail,48,Zontes GK350,269000.0,20,5380000.0,Cash
559,2025-07-22,Wholesale,49,Moto Guzzi V7 Stone,689000.0,28,19292000.0,Credit Card
560,2025-07-22,Wholesale,39,Vespa GTS Super 300,398000.0,44,17512000.0,Transfer
561,2025-07-22,Wholesale,35,Yamaha XMAX 300,319000.0,40,12760000.0,Cash
562,2025-07-22,Retail,46,Yamaha Serow 250,299000.0,2,598000.0,Transfer
563,2025-07-22,Wholesale,42,Honda Rebel 1100,650000.0,3,1950000.0,Credit Card
564,2025-07-22,Retail,25,CFMoto 650MT,345000.0,41,14145000.0,Transfer
565,2025-07-22,Wholesale,14,KTM RC 200,198000.0,1,198000.0,Cash
566,2025-07-22,Retail,40,Kawasaki KLX 230,199000.0,2,398000.0,Credit Card
567,2025-07-22,Retail,39,Vespa GTS Super 300,398000.0,18,7164000.0,Cash
568,2025-07-22,Wholesale,30,Rusi Flash 125,48000.0,11,528000.0,Cash
569,2025-07-22,Retail,27,Yamaha Sniper 155,125900.0,33,4154700.0,Transfer
570,2025-07-22,Wholesale,7,Bristol Veloce 500,328000.0,10,3280000.0,Credit Card
571,2025-07-23,Retail,26,Honda Click 125i,80900.0,14,1132600.0,Cash
572,2025-07-23,Retail,44,CFMoto 300SR,165000.0,19,3135000.0,Credit Card
573,2025-07-23,Wholesale,2,Yamaha MT-15,178000.0,6,1068000.0,Cash
574,2025-07-23,Retail,44,CFMoto 300SR,165000.0,20,3300000.0,Credit Card
575,2025-07-23,Retail,22,Bristol Bobber 650,398000.0,9,3582000.0,Credit Card
576,2025-07-23,Wholesale,7,Bristol Veloce 500,328000.0,11,3608000.0,Cash
577,2025-07-23,Wholesale,4,Suzuki Raider R150 Fi,119900.0,8,959200.0,Cash
578,2025-07-23,Wholesale,4,Suzuki Raider R150 Fi,119900.0,30,3597000.0,Transfer
579,2025-07-23,Wholesale,36,Benelli 502C,349000.0,11,3839000.0,Cash
580,2025-07-23,Wholesale,22,Bristol Bobber 650,398000.0,19,7562000.0,Transfer
581,2025-07-23,Retail,25,CFMoto 650MT,345000.0,10,3450000.0,Credit Card
582,2025-07-23,Retail,24,Motorstar Xplorer 250R,78900.0,4,315600.0,Credit Card
583,2025-07-24,Wholesale,30,Rusi Flash 125,48000.0,9,432000.0,Credit Card
584,2025-07-24,Retail,44,CFMoto 300SR,165000.0,42,6930000.0,Cash
585,2025-07-24,Retail,9,Yamaha XSR155,182000.0,10,1820000.0,Credit Card
586,2025-07-24,Wholesale,2,Yamaha MT-15,178000.0,24,4272000.0,Transfer
587,2025-07-24,Retail,24,Motorstar Xplorer 250R,78900.0,12,946800.0,Credit Card
588,2025-07-24,Retail,4,Suzuki Raider R150 Fi,119900.0,9,1079100.0,Transfer
589,2025-07-24,Wholesale,26,Honda Click 125i,80900.0,19,1537100.0,Cash
590,2025-07-24,Wholesale,47,Suzuki Burgman Street 125,80900.0,11,889900.0,Transfer
591,2025-07-24,Wholesale,5,Royal Enfield Classic 350,250000.0,6,1500000.0,Transfer
592,2025-07-24,Retail,45,Italjet Dragster 200,289000.0,20,5780000.0,Credit Card
593,2025-07-24,Retail,49,Moto Guzzi V7 Stone,689000.0,12,8268000.0,Credit Card
594,2025-07-24,Retail,46,Yamaha Serow 250,299000.0,33,9867000.0,Credit Card
595,2025-07-25,Retail,31,SYM Jet X 150,128000.0,18,2304000.0,Transfer
596,2025-07-25,Retail,48,Zontes GK350,269000.0,1,269000.0,Transfer
597,2025-07-25,Wholesale,28,Bajaj CT125,67900.0,3,203700.0,Cash
598,2025-07-25,Wholesale,33,Zontes 310X,248000.0,25,6200000.0,Transfer
599,2025-07-25,Retail,24,Motorstar Xplorer 250R,78900.0,4,315600.0,Transfer
600,2025-07-25,Wholesale,16,TVS Apache RTR 200 4V,129000.0,33,4257000.0,Transfer
601,2025-07-25,Retail,1,Honda CBR500R,389000.0,16,6224000.0,Credit Card
602,2025-07-25,Retail,28,Bajaj CT125,67900.0,11,746900.0,Cash
603,2025-07-25,Retail,6,CFMoto 300NK,165000.0,28,4620000.0,Credit Card
604,2025-07-26,Retail,14,KTM RC 200,198000.0,37,7326000.0,Credit Card
605,2025-07-26,Retail,13,Suzuki Avenis 125,79900.0,6,479400.0,Transfer
606,2025-07-26,Wholesale,49,Moto Guzzi V7 Stone,689000.0,14,9646000.0,Transfer
607,2025-07-26,Retail,6,CFMoto 300NK,165000.0,8,1320000.0,Credit Card
608,2025-07-26,Wholesale,50,SYM Husky 150,72900.0,11,801900.0,Cash
609,2025-07-26,Retail,38,Yamaha FZi 150,99900.0,6,599400.0,Credit Card
610,2025-07-26,Retail,16,TVS Apache RTR 200 4V,129000.0,7,903000.0,Credit Card
611,2025-07-26,Retail,1,Honda CBR500R,389000.0,19,7391000.0,Transfer
612,2025-07-26,Retail,22,Bristol Bobber 650,398000.0,18,7164000.0,Transfer
613,2025-07-26,Wholesale,13,Suzuki Avenis 125,79900.0,5,399500.0,Credit Card
614,2025-07-27,Wholesale,44,CFMoto 300SR,165000.0,28,4620000.0,Cash
615,2025-07-27,Wholesale,10,Bajaj Dominar 400,199900.0,31,6196900.0,Transfer
616,2025-07-27,Retail,14,KTM RC 200,198000.0,7,1386000.0,Credit Card
617,2025-07-27,Wholesale,40,Kawasaki KLX 230,199000.0,8,1592000.0,Credit Card
618,2025-07-27,Wholesale,32,Harley-Davidson Street 750,499000.0,22,10978000.0,Cash
619,2025-07-27,Retail,40,Kawasaki KLX 230,199000.0,1,199000.0,Cash
620,2025-07-27,Retail,17,Husqvarna Svartpilen 401,295000.0,34,10030000.0,Credit Card
621,2025-07-27,Wholesale,33,Zontes 310X,248000.0,29,7192000.0,Credit Card
622,2025-07-27,Wholesale,27,Yamaha Sniper 155,125900.0,16,2014400.0,Transfer
623,2025-07-27,Retail,37,Moto Morini X-Cape 650,369000.0,32,11808000.0,Transfer
624,2025-07-28,Wholesale,17,Husqvarna Svartpilen 401,295000.0,49,14455000.0,Transfer
625,2025-07-28,Wholesale,28,Bajaj CT125,67900.0,11,746900.0,Cash
626,2025-07-28,Wholesale,10,Bajaj Dominar 400,199900.0,46,9195400.0,Cash
627,2025-07-28,Retail,33,Zontes 310X,248000.0,3,744000.0,Cash
628,2025-07-28,Wholesale,17,Husqvarna Svartpilen 401,295000.0,17,5015000.0,Credit Card
629,2025-07-28,Wholesale,7,Bristol Veloce 500,328000.0,43,14104000.0,Transfer
630,2025-07-28,Wholesale,1,Honda CBR500R,389000.0,9,3501000.0,Credit Card
631,2025-07-28,Retail,39,Vespa GTS Super 300,398000.0,24,9552000.0,Credit Card
632,2025-07-28,Wholesale,15,BMW G 310 GS,320000.0,9,2880000.0,Transfer
633,2025-07-28,Wholesale,27,Yamaha Sniper 155,125900.0,16,2014400.0,Transfer
634,2025-07-28,Retail,39,Vespa GTS Super 300,398000.0,4,1592000.0,Transfer
635,2025-07-28,Wholesale,40,Kawasaki KLX 230,199000.0,17,3383000.0,Cash
636,2025-07-28,Retail,5,Royal Enfield Classic 350,250000.0,17,4250000.0,Transfer
637,2025-07-28,Wholesale,28,Bajaj CT125,67900.0,30,2037000.0,Credit Card
638,2025-07-28,Retail,50,SYM Husky 150,72900.0,2,145800.0,Credit Card
639,2025-07-29,Retail,29,Honda CRF300L,284900.0,42,11965800.0,Credit Card
640,2025-07-29,Retail,11,Yamaha NMAX 155,151900.0,19,2886100.0,Credit Card
641,2025-07-29,Retail,28,Bajaj CT125,67900.0,13,882700.0,Transfer
642,2025-07-29,Retail,50,SYM Husky 150,72900.0,29,2114100.0,Credit Card
643,2025-07-29,Retail,1,Honda CBR500R,389000.0,3,1167000.0,Transfer
644,2025-07-29,Retail,23,Keeway RKS 150 Sport,68900.0,42,2893800.0,Credit Card
645,2025-07-29,Retail,29,Honda CRF300L,284900.0,2,569800.0,Credit Card
646,2025-07-29,Unknown,9,Yamaha XSR155,182000.0,12,2184000.0,Cash
647,2025-07-29,Retail,18,Vespa Primavera 150,210000.0,10,2100000.0,Credit Card
648,2025-07-29,Wholesale,44,CFMoto 300SR,165000.0,14,2310000.0,Transfer
649,2025-07-29,Retail,20,Kawasaki Z400,331000.0,48,15888000.0,Cash
650,2025-07-29,Wholesale,25,CFMoto 650MT,345000.0,12,4140000.0,Transfer
651,2025-07-30,Wholesale,2,Yamaha MT-15,178000.0,15,2670000.0,Credit Card
652,2025-07-30,Retail,4,Suzuki Raider R150 Fi,119900.0,6,719400.0,Transfer
653,2025-07-30,Retail,41,BMW R nineT,995000.0,33,32835000.0,Transfer
654,2025-07-30,Wholesale,39,Vespa GTS Super 300,398000.0,9,3582000.0,Transfer
655,2025-07-30,Retail,29,Honda CRF300L,284900.0,7,1994300.0,Cash
656,2025-07-30,Wholesale,35,Yamaha XMAX 300,319000.0,18,5742000.0,Cash
657,2025-07-30,Wholesale,19,Suzuki GSX-S150,125000.0,4,500000.0,Cash
658,2025-07-30,Wholesale,2,Yamaha MT-15,178000.0,5,890000.0,Credit Card
659,2025-07-30,Retail,43,KTM 790 Duke,599000.0,20,11980000.0,Transfer
660,2025-07-30,Retail,38,Yamaha FZi 150,99900.0,32,3196800.0,Cash
661,2025-07-30,Wholesale,20,Kawasaki Z400,331000.0,49,16219000.0,Cash
662,2025-07-31,Retail,45,Italjet Dragster 200,289000.0,50,14450000.0,Cash
663,2025-07-31,Retail,10,Bajaj Dominar 400,199900.0,17,3398300.0,Cash
664,2025-07-31,Wholesale,10,Bajaj Dominar 400,199900.0,10,1999000.0,Cash
665,2025-07-31,Wholesale,12,Honda ADV 160,164900.0,2,329800.0,Credit Card
666,2025-07-31,Wholesale,22,Bristol Bobber 650,398000.0,42,16716000.0,Transfer
667,2025-07-31,Wholesale,14,KTM RC 200,198000.0,5,990000.0,Transfer
668,2025-07-31,Retail,22,Bristol Bobber 650,398000.0,44,17512000.0,Credit Card
669,2025-07-31,Wholesale,12,Honda ADV 160,164900.0,3,494700.0,Transfer
670,2025-07-31,Retail,34,Aprilia SR GT 200,219000.0,25,5475000.0,Credit Card
671,2025-07-31,Wholesale,18,Vespa Primavera 150,210000.0,3,630000.0,Cash
672,2025-07-31,Retail,36,Benelli 502C,349000.0,17,5933000.0,Transfer
673,2025-07-31,Wholesale,19,Suzuki GSX-S150,125000.0,19,2375000.0,Credit Card
674,2025-08-01,Wholesale,15,BMW G 310 GS,320000.0,5,1600000.0,Credit Card
675,2025-08-01,Retail,15,BMW G 310 GS,320000.0,18,5760000.0,Transfer
676,2025-08-01,Wholesale,4,Suzuki Raider R150 Fi,119900.0,9,1079100.0,Credit Card
677,2025-08-01,Wholesale,38,Yamaha FZi 150,99900.0,8,799200.0,Cash
678,2025-08-01,Retail,40,Kawasaki KLX 230,199000.0,19,3781000.0,Transfer
679,2025-08-01,Wholesale,18,Vespa Primavera 150,210000.0,39,8190000.0,Cash
680,2025-08-01,Retail,3,Kawasaki Ninja 400,340000.0,10,3400000.0,Transfer
681,2025-08-01,Wholesale,41,BMW R nineT,995000.0,7,6965000.0,Credit Card
682,2025-08-01,Retail,11,Yamaha NMAX 155,151900.0,20,3038000.0,Cash
683,2025-08-01,Wholesale,14,KTM RC 200,198000.0,3,594000.0,Cash
684,2025-08-01,Retail,35,Yamaha XMAX 300,319000.0,7,2233000.0,Credit Card
685,2025-08-01,Wholesale,48,Zontes GK350,269000.0,9,2421000.0,Cash
686,2025-08-01,Retail,14,KTM RC 200,198000.0,2,396000.0,Transfer
687,2025-08-01,Retail,6,CFMoto 300NK,165000.0,30,4950000.0,Credit Card
688,2025-08-01,Wholesale,48,Zontes GK350,269000.0,15,4035000.0,Credit Card
689,2025-08-01,Retail,49,Moto Guzzi V7 Stone,689000.0,45,31005000.0,Credit Card
690,2025-08-01,Retail,9,Yamaha XSR155,182000.0,4,728000.0,Cash
691,2025-08-01,Retail,2,Yamaha MT-15,178000.0,13,2314000.0,Credit Card
692,2025-08-01,Wholesale,40,Kawasaki KLX 230,199000.0,42,8358000.0,Credit Card
693,2025-08-01,Retail,5,Royal Enfield Classic 350,250000.0,8,2000000.0,Credit Card
694,2025-08-01,Wholesale,23,Keeway RKS 150 Sport,68900.0,5,344500.0,Credit Card
695,2025-08-02,Retail,27,Yamaha Sniper 155,125900.0,13,1636700.0,Credit Card
696,2025-08-02,Retail,25,CFMoto 650MT,345000.0,6,2070000.0,Cash
697,2025-08-02,Wholesale,31,SYM Jet X 150,128000.0,20,2560000.0,Credit Card
698,2025-08-02,Wholesale,3,Kawasaki Ninja 400,340000.0,4,1360000.0,Cash
699,2025-08-02,Retail,17,Husqvarna Svartpilen 401,295000.0,4,1180000.0,Transfer
700,2025-08-02,Retail,27,Yamaha Sniper 155,125900.0,16,2014400.0,Credit Card
701,2025-08-02,Retail,4,Suzuki Raider R150 Fi,119900.0,16,1918400.0,Credit Card
702,2025-08-02,Retail,27,Yamaha Sniper 155,125900.0,20,2518000.0,Credit Card
703,2025-08-02,Retail,15,BMW G 310 GS,320000.0,2,640000.0,Transfer
704,2025-08-02,Retail,27,Yamaha Sniper 155,125900.0,6,755400.0,Credit Card
705,2025-08-02,Wholesale,13,Suzuki Avenis 125,79900.0,1,79900.0,Cash
706,2025-08-02,Retail,47,Suzuki Burgman Street 125,80900.0,47,3802300.0,Cash
707,2025-08-02,Wholesale,50,SYM Husky 150,72900.0,13,947700.0,Transfer
708,2025-08-02,Wholesale,30,Rusi Flash 125,48000.0,33,1584000.0,Cash
709,2025-08-03,Retail,25,CFMoto 650MT,345000.0,47,16215000.0,Cash
710,2025-08-03,Wholesale,21,Yamaha Aerox 155,124000.0,12,1488000.0,Credit Card
711,2025-08-03,Retail,23,Keeway RKS 150 Sport,68900.0,16,1102400.0,Credit Card
712,2025-08-03,Wholesale,13,Suzuki Avenis 125,79900.0,20,1598000.0,Credit Card
713,2025-08-03,Wholesale,3,Kawasaki Ninja 400,340000.0,28,9520000.0,Cash
714,2025-08-03,Retail,28,Bajaj CT125,67900.0,47,3191300.0,Credit Card
715,2025-08-03,Wholesale,29,Honda CRF300L,284900.0,28,7977200.0,Transfer
716,2025-08-03,Retail,8,KTM Duke 200,178000.0,1,178000.0,Credit Card
717,2025-08-03,Retail,15,BMW G 310 GS,320000.0,46,14720000.0,Transfer
718,2025-08-03,Wholesale,43,KTM 790 Duke,599000.0,6,3594000.0,Cash
719,2025-08-03,Wholesale,12,Honda ADV 160,164900.0,9,1484100.0,Credit Card
720,2025-08-04,Wholesale,25,CFMoto 650MT,345000.0,4,1380000.0,Transfer
721,2025-08-04,Wholesale,35,Yamaha XMAX 300,319000.0,3,957000.0,Cash
722,2025-08-04,Retail,15,BMW G 310 GS,320000.0,42,13440000.0,Credit Card
723,2025-08-04,Retail,48,Zontes GK350,269000.0,19,5111000.0,Transfer
724,2025-08-04,Wholesale,36,Benelli 502C,349000.0,5,1745000.0,Transfer
725,2025-08-04,Retail,19,Suzuki GSX-S150,125000.0,31,3875000.0,Transfer
726,2025-08-04,Retail,41,BMW R nineT,995000.0,7,6965000.0,Cash
727,2025-08-04,Retail,14,KTM RC 200,198000.0,29,5742000.0,Cash
728,2025-08-04,Retail,47,Suzuki Burgman Street 125,80900.0,46,3721400.0,Credit Card
729,2025-08-05,Wholesale,8,KTM Duke 200,178000.0,9,1602000.0,Transfer
730,2025-08-05,Wholesale,42,Honda Rebel 1100,650000.0,3,1950000.0,Credit Card
731,2025-08-05,Retail,33,Zontes 310X,248000.0,18,4464000.0,Transfer
732,2025-08-05,Wholesale,10,Bajaj Dominar 400,199900.0,7,1399300.0,Credit Card
733,2025-08-05,Retail,2,Yamaha MT-15,178000.0,12,2136000.0,Cash
734,2025-08-05,Retail,16,TVS Apache RTR 200 4V,129000.0,9,1161000.0,Cash
735,2025-08-05,Retail,7,Bristol Veloce 500,328000.0,36,11808000.0,Credit Card
736,2025-08-05,Wholesale,1,Honda CBR500R,389000.0,12,4668000.0,Transfer
737,2025-08-05,Wholesale,37,Moto Morini X-Cape 650,369000.0,18,6642000.0,Transfer
738,2025-08-05,Retail,36,Benelli 502C,349000.0,3,1047000.0,Transfer
739,2025-08-06,Unknown,21,Yamaha Aerox 155,124000.0,18,2232000.0,Transfer
740,2025-08-06,Wholesale,16,TVS Apache RTR 200 4V,129000.0,3,387000.0,Credit Card
741,2025-08-06,Wholesale,35,Yamaha XMAX 300,319000.0,7,2233000.0,Credit Card
742,2025-08-06,Wholesale,13,Suzuki Avenis 125,79900.0,13,1038700.0,Credit Card
743,2025-08-06,Retail,34,Aprilia SR GT 200,219000.0,6,1314000.0,Transfer
744,2025-08-06,Retail,13,Suzuki Avenis 125,79900.0,1,79900.0,Transfer
745,2025-08-06,Wholesale,13,Suzuki Avenis 125,79900.0,41,3275900.0,Credit Card
746,2025-08-06,Wholesale,10,Bajaj Dominar 400,199900.0,24,4797600.0,Cash
747,2025-08-06,Retail,15,BMW G 310 GS,320000.0,28,8960000.0,Credit Card
748,2025-08-06,Wholesale,18,Vespa Primavera 150,210000.0,8,1680000.0,Transfer
749,2025-08-07,Wholesale,3,Kawasaki Ninja 400,340000.0,47,15980000.0,Credit Card
750,2025-08-07,Retail,49,Moto Guzzi V7 Stone,689000.0,3,2067000.0,Credit Card
751,2025-08-07,Retail,43,KTM 790 Duke,599000.0,1,599000.0,Transfer
752,2025-08-07,Retail,23,Keeway RKS 150 Sport,68900.0,9,620100.0,Transfer
753,2025-08-07,Wholesale,37,Moto Morini X-Cape 650,369000.0,6,2214000.0,Transfer
754,2025-08-07,Retail,19,Suzuki GSX-S150,125000.0,8,1000000.0,Credit Card
755,2025-08-08,Wholesale,42,Honda Rebel 1100,650000.0,3,1950000.0,Transfer
756,2025-08-08,Retail,44,CFMoto 300SR,165000.0,8,1320000.0,Transfer
757,2025-08-08,Retail,45,Italjet Dragster 200,289000.0,2,578000.0,Cash
758,2025-08-08,Retail,44,CFMoto 300SR,165000.0,10,1650000.0,Credit Card
759,2025-08-08,Wholesale,31,SYM Jet X 150,128000.0,16,2048000.0,Unknown
760,2025-08-08,Retail,48,Zontes GK350,269000.0,11,2959000.0,Cash
761,2025-08-08,Wholesale,5,Royal Enfield Classic 350,250000.0,4,1000000.0,Cash
762,2025-08-08,Retail,12,Honda ADV 160,164900.0,28,4617200.0,Transfer
763,2025-08-08,Retail,4,Suzuki Raider R150 Fi,119900.0,1,119900.0,Cash
764,2025-08-08,Retail,43,KTM 790 Duke,599000.0,45,26955000.0,Cash
765,2025-08-08,Retail,17,Husqvarna Svartpilen 401,295000.0,31,9145000.0,Cash
766,2025-08-09,Unknown,27,Yamaha Sniper 155,125900.0,8,1007200.0,Credit Card
767,2025-08-09,Wholesale,27,Yamaha Sniper 155,125900.0,9,1133100.0,Credit Card
768,2025-08-09,Retail,18,Vespa Primavera 150,210000.0,36,7560000.0,Cash
769,2025-08-09,Wholesale,10,Bajaj Dominar 400,199900.0,8,1599200.0,Transfer
770,2025-08-09,Retail,28,Bajaj CT125,67900.0,33,2240700.0,Credit Card
771,2025-08-09,Retail,23,Keeway RKS 150 Sport,68900.0,6,413400.0,Cash
772,2025-08-09,Retail,35,Yamaha XMAX 300,319000.0,1,319000.0,Transfer
773,2025-08-09,Wholesale,3,Kawasaki Ninja 400,340000.0,15,5100000.0,Transfer
774,2025-08-09,Wholesale,41,BMW R nineT,995000.0,5,4975000.0,Credit Card
775,2025-08-09,Wholesale,3,Kawasaki Ninja 400,340000.0,12,4080000.0,Transfer
776,2025-08-09,Wholesale,49,Moto Guzzi V7 Stone,689000.0,10,6890000.0,Transfer
777,2025-08-10,Wholesale,34,Aprilia SR GT 200,219000.0,10,2190000.0,Credit Card
778,2025-08-10,Wholesale,35,Yamaha XMAX 300,319000.0,31,9889000.0,Transfer
779,2025-08-10,Retail,21,Yamaha Aerox 155,124000.0,6,744000.0,Credit Card
780,2025-08-10,Retail,12,Honda ADV 160,164900.0,14,2308600.0,Cash
781,2025-08-10,Wholesale,15,BMW G 310 GS,320000.0,49,15680000.0,Cash
782,2025-08-10,Retail,5,Royal Enfield Classic 350,250000.0,44,11000000.0,Cash
783,2025-08-10,Wholesale,10,Bajaj Dominar 400,199900.0,46,9195400.0,Cash
784,2025-08-11,Wholesale,48,Zontes GK350,269000.0,41,11029000.0,Credit Card
785,2025-08-11,Retail,4,Suzuki Raider R150 Fi,119900.0,2,239800.0,Transfer
786,2025-08-11,Retail,7,Bristol Veloce 500,328000.0,12,3936000.0,Cash
787,2025-08-11,Wholesale,20,Kawasaki Z400,331000.0,14,4634000.0,Cash
788,2025-08-11,Wholesale,42,Honda Rebel 1100,650000.0,10,6500000.0,Cash
789,2025-08-11,Retail,6,CFMoto 300NK,165000.0,2,330000.0,Cash
790,2025-08-11,Wholesale,22,Bristol Bobber 650,398000.0,26,10348000.0,Cash
791,2025-08-11,Retail,18,Vespa Primavera 150,210000.0,10,2100000.0,Transfer
792,2025-08-12,Retail,29,Honda CRF300L,284900.0,2,569800.0,Cash
793,2025-08-12,Retail,30,Rusi Flash 125,48000.0,33,1584000.0,Cash
794,2025-08-12,Wholesale,11,Yamaha NMAX 155,151900.0,3,455700.0,Cash
795,2025-08-12,Retail,47,Suzuki Burgman Street 125,80900.0,46,3721400.0,Credit Card
796,2025-08-12,Retail,20,Kawasaki Z400,331000.0,17,5627000.0,Cash
797,2025-08-12,Retail,39,Vespa GTS Super 300,398000.0,17,6766000.0,Credit Card
798,2025-08-12,Retail,22,Bristol Bobber 650,398000.0,6,2388000.0,Credit Card
799,2025-08-12,Retail,31,SYM Jet X 150,128000.0,1,128000.0,Credit Card
800,2025-08-13,Retail,3,Kawasaki Ninja 400,340000.0,8,2720000.0,Cash
801,2025-08-13,Wholesale,28,Bajaj CT125,67900.0,43,2919700.0,Transfer
802,2025-08-13,Retail,14,KTM RC 200,198000.0,19,3762000.0,Cash
803,2025-08-13,Wholesale,42,Honda Rebel 1100,650000.0,4,2600000.0,Credit Card
804,2025-08-13,Wholesale,48,Zontes GK350,269000.0,13,3497000.0,Cash
805,2025-08-13,Retail,36,Benelli 502C,349000.0,9,3141000.0,Cash
806,2025-08-13,Retail,49,Moto Guzzi V7 Stone,689000.0,4,2756000.0,Credit Card
807,2025-08-13,Retail,7,Bristol Veloce 500,328000.0,31,10168000.0,Credit Card
808,2025-08-13,Retail,21,Yamaha Aerox 155,124000.0,6,744000.0,Transfer
809,2025-08-13,Retail,36,Benelli 502C,349000.0,1,349000.0,Cash
810,2025-08-14,Unknown,43,KTM 790 Duke,599000.0,14,8386000.0,Cash
811,2025-08-14,Retail,10,Bajaj Dominar 400,199900.0,12,2398800.0,Transfer
812,2025-08-14,Retail,21,Yamaha Aerox 155,124000.0,19,2356000.0,Credit Card
813,2025-08-14,Retail,12,Honda ADV 160,164900.0,17,2803300.0,Credit Card
814,2025-08-14,Retail,5,Royal Enfield Classic 350,250000.0,34,8500000.0,Transfer
815,2025-08-14,Retail,9,Yamaha XSR155,182000.0,5,910000.0,Transfer
816,2025-08-14,Wholesale,20,Kawasaki Z400,331000.0,45,14895000.0,Cash
817,2025-08-14,Wholesale,37,Moto Morini X-Cape 650,369000.0,3,1107000.0,Transfer
818,2025-08-14,Wholesale,47,Suzuki Burgman Street 125,80900.0,17,1375300.0,Credit Card
819,2025-08-14,Wholesale,9,Yamaha XSR155,182000.0,33,6006000.0,Credit Card
820,2025-08-14,Retail,25,CFMoto 650MT,345000.0,18,6210000.0,Transfer
821,2025-08-14,Wholesale,11,Yamaha NMAX 155,151900.0,41,6227900.0,Transfer
822,2025-08-14,Wholesale,24,Motorstar Xplorer 250R,78900.0,11,867900.0,Credit Card
823,2025-08-14,Retail,13,Suzuki Avenis 125,79900.0,5,399500.0,Transfer
824,2025-08-14,Retail,46,Yamaha Serow 250,299000.0,20,5980000.0,Transfer
825,2025-08-15,Retail,23,Keeway RKS 150 Sport,68900.0,4,275600.0,Cash
826,2025-08-15,Wholesale,15,BMW G 310 GS,320000.0,27,8640000.0,Cash
827,2025-08-15,Retail,31,SYM Jet X 150,128000.0,23,2944000.0,Transfer
828,2025-08-15,Retail,1,Honda CBR500R,389000.0,45,17505000.0,Credit Card
829,2025-08-15,Wholesale,49,Moto Guzzi V7 Stone,689000.0,28,19292000.0,Cash
830,2025-08-15,Wholesale,5,Royal Enfield Classic 350,250000.0,17,4250000.0,Credit Card
831,2025-08-15,Wholesale,1,Honda CBR500R,389000.0,41,15949000.0,Transfer
832,2025-08-15,Retail,1,Honda CBR500R,389000.0,8,3112000.0,Cash
833,2025-08-16,Wholesale,46,Yamaha Serow 250,299000.0,14,4186000.0,Transfer
834,2025-08-16,Wholesale,6,CFMoto 300NK,165000.0,20,3300000.0,Transfer
835,2025-08-16,Unknown,12,Honda ADV 160,164900.0,9,1484100.0,Transfer
836,2025-08-16,Wholesale,44,CFMoto 300SR,165000.0,16,2640000.0,Credit Card
837,2025-08-16,Retail,9,Yamaha XSR155,182000.0,14,2548000.0,Cash
838,2025-08-16,Retail,46,Yamaha Serow 250,299000.0,29,8671000.0,Cash
839,2025-08-16,Wholesale,15,BMW G 310 GS,320000.0,8,2560000.0,Credit Card
840,2025-08-17,Wholesale,12,Honda ADV 160,164900.0,8,1319200.0,Credit Card
841,2025-08-17,Retail,45,Italjet Dragster 200,289000.0,37,10693000.0,Cash
842,2025-08-17,Wholesale,18,Vespa Primavera 150,210000.0,16,3360000.0,Credit Card
843,2025-08-17,Wholesale,11,Yamaha NMAX 155,151900.0,21,3189900.0,Transfer
844,2025-08-17,Wholesale,27,Yamaha Sniper 155,125900.0,14,1762600.0,Cash
845,2025-08-17,Retail,39,Vespa GTS Super 300,398000.0,17,6766000.0,Credit Card
846,2025-08-17,Wholesale,8,KTM Duke 200,178000.0,11,1958000.0,Transfer
847,2025-08-18,Retail,14,KTM RC 200,198000.0,17,3366000.0,Transfer
848,2025-08-18,Retail,38,Yamaha FZi 150,99900.0,16,1598400.0,Credit Card
849,2025-08-18,Wholesale,13,Suzuki Avenis 125,79900.0,11,878900.0,Credit Card
850,2025-08-18,Wholesale,32,Harley-Davidson Street 750,499000.0,47,23453000.0,Cash
851,2025-08-18,Wholesale,38,Yamaha FZi 150,99900.0,4,399600.0,Transfer
852,2025-08-18,Retail,46,Yamaha Serow 250,299000.0,10,2990000.0,Transfer
853,2025-08-18,Wholesale,5,Royal Enfield Classic 350,250000.0,48,12000000.0,Credit Card
854,2025-08-18,Retail,45,Italjet Dragster 200,289000.0,42,12138000.0,Credit Card
855,2025-08-19,Wholesale,39,Vespa GTS Super 300,398000.0,20,7960000.0,Credit Card
856,2025-08-19,Retail,29,Honda CRF300L,284900.0,17,4843300.0,Credit Card
857,2025-08-19,Retail,32,Harley-Davidson Street 750,499000.0,4,1996000.0,Credit Card
858,2025-08-19,Wholesale,5,Royal Enfield Classic 350,250000.0,2,500000.0,Transfer
859,2025-08-19,Retail,47,Suzuki Burgman Street 125,80900.0,37,2993300.0,Credit Card
860,2025-08-19,Wholesale,33,Zontes 310X,248000.0,11,2728000.0,Cash
861,2025-08-19,Unknown,49,Moto Guzzi V7 Stone,689000.0,14,9646000.0,Credit Card
862,2025-08-19,Wholesale,22,Bristol Bobber 650,398000.0,8,3184000.0,Transfer
863,2025-08-20,Retail,40,Kawasaki KLX 230,199000.0,5,995000.0,Transfer
864,2025-08-20,Retail,4,Suzuki Raider R150 Fi,119900.0,13,1558700.0,Cash
865,2025-08-20,Retail,40,Kawasaki KLX 230,199000.0,17,3383000.0,Transfer
866,2025-08-20,Wholesale,46,Yamaha Serow 250,299000.0,19,5681000.0,Cash
867,2025-08-20,Retail,10,Bajaj Dominar 400,199900.0,20,3998000.0,Credit Card
868,2025-08-20,Retail,35,Yamaha XMAX 300,319000.0,4,1276000.0,Transfer
869,2025-08-21,Retail,14,KTM RC 200,198000.0,7,1386000.0,Cash
870,2025-08-21,Retail,43,KTM 790 Duke,599000.0,42,25158000.0,Credit Card
871,2025-08-21,Wholesale,10,Bajaj Dominar 400,199900.0,5,999500.0,Transfer
872,2025-08-21,Wholesale,8,KTM Duke 200,178000.0,18,3204000.0,Cash
873,2025-08-21,Wholesale,41,BMW R nineT,995000.0,5,4975000.0,Cash
874,2025-08-21,Wholesale,3,Kawasaki Ninja 400,340000.0,12,4080000.0,Credit Card
875,2025-08-21,Wholesale,30,Rusi Flash 125,48000.0,13,624000.0,Credit Card
876,2025-08-22,Retail,33,Zontes 310X,248000.0,3,744000.0,Cash
877,2025-08-22,Wholesale,22,Bristol Bobber 650,398000.0,27,10746000.0,Transfer
878,2025-08-22,Wholesale,6,CFMoto 300NK,165000.0,47,7755000.0,Credit Card
879,2025-08-22,Retail,1,Honda CBR500R,389000.0,16,6224000.0,Transfer
880,2025-08-22,Retail,40,Kawasaki KLX 230,199000.0,9,1791000.0,Credit Card
881,2025-08-23,Wholesale,18,Vespa Primavera 150,210000.0,11,2310000.0,Transfer
882,2025-08-23,Wholesale,36,Benelli 502C,349000.0,15,5235000.0,Cash
883,2025-08-23,Retail,49,Moto Guzzi V7 Stone,689000.0,10,6890000.0,Cash
884,2025-08-23,Wholesale,18,Vespa Primavera 150,210000.0,1,210000.0,Cash
885,2025-08-23,Wholesale,31,SYM Jet X 150,128000.0,31,3968000.0,Credit Card
886,2025-08-23,Wholesale,44,CFMoto 300SR,165000.0,39,6435000.0,Cash
887,2025-08-23,Retail,36,Benelli 502C,349000.0,25,8725000.0,Cash
888,2025-08-23,Retail,25,CFMoto 650MT,345000.0,21,7245000.0,Transfer
889,2025-08-23,Wholesale,22,Bristol Bobber 650,398000.0,33,13134000.0,Cash
890,2025-08-23,Wholesale,45,Italjet Dragster 200,289000.0,12,3468000.0,Cash
891,2025-08-23,Retail,6,CFMoto 300NK,165000.0,2,330000.0,Credit Card
892,2025-08-24,Retail,31,SYM Jet X 150,128000.0,17,2176000.0,Cash
893,2025-08-24,Wholesale,34,Aprilia SR GT 200,219000.0,1,219000.0,Cash
894,2025-08-24,Retail,6,CFMoto 300NK,165000.0,15,2475000.0,Transfer
895,2025-08-24,Retail,48,Zontes GK350,269000.0,19,5111000.0,Credit Card
896,2025-08-24,Wholesale,5,Royal Enfield Classic 350,250000.0,35,8750000.0,Cash
897,2025-08-24,Wholesale,7,Bristol Veloce 500,328000.0,8,2624000.0,Transfer
898,2025-08-24,Retail,3,Kawasaki Ninja 400,340000.0,6,2040000.0,Transfer
899,2025-08-24,Retail,10,Bajaj Dominar 400,199900.0,17,3398300.0,Cash
900,2025-08-25,Retail,49,Moto Guzzi V7 Stone,689000.0,28,19292000.0,Credit Card
901,2025-08-25,Retail,30,Rusi Flash 125,48000.0,23,1104000.0,Credit Card
902,2025-08-25,Wholesale,21,Yamaha Aerox 155,124000.0,15,1860000.0,Cash
903,2025-08-25,Retail,21,Yamaha Aerox 155,124000.0,9,1116000.0,Cash
904,2025-08-25,Retail,42,Honda Rebel 1100,650000.0,50,32500000.0,Cash
905,2025-08-25,Wholesale,9,Yamaha XSR155,182000.0,19,3458000.0,Unknown
906,2025-08-25,Retail,33,Zontes 310X,248000.0,44,10912000.0,Cash
907,2025-08-25,Wholesale,11,Yamaha NMAX 155,151900.0,14,2126600.0,Credit Card
908,2025-08-25,Retail,3,Kawasaki Ninja 400,340000.0,13,4420000.0,Credit Card
909,2025-08-25,Wholesale,19,Suzuki GSX-S150,125000.0,19,2375000.0,Transfer
910,2025-08-25,Wholesale,29,Honda CRF300L,284900.0,23,6552700.0,Credit Card
911,2025-08-25,Wholesale,29,Honda CRF300L,284900.0,13,3703700.0,Credit Card
912,2025-08-25,Wholesale,6,CFMoto 300NK,165000.0,14,2310000.0,Cash
913,2025-08-25,Retail,26,Honda Click 125i,80900.0,19,1537100.0,Transfer
914,2025-08-25,Wholesale,2,Yamaha MT-15,178000.0,12,2136000.0,Credit Card
915,2025-08-26,Retail,21,Yamaha Aerox 155,124000.0,28,3472000.0,Credit Card
916,2025-08-26,Retail,37,Moto Morini X-Cape 650,369000.0,12,4428000.0,Cash
917,2025-08-26,Wholesale,7,Bristol Veloce 500,328000.0,4,1312000.0,Credit Card
918,2025-08-26,Wholesale,40,Kawasaki KLX 230,199000.0,50,9950000.0,Credit Card
919,2025-08-26,Wholesale,9,Yamaha XSR155,182000.0,2,364000.0,Transfer
920,2025-08-26,Retail,49,Moto Guzzi V7 Stone,689000.0,15,10335000.0,Transfer
921,2025-08-26,Retail,34,Aprilia SR GT 200,219000.0,40,8760000.0,Transfer
922,2025-08-26,Retail,14,KTM RC 200,198000.0,44,8712000.0,Credit Card
923,2025-08-26,Retail,33,Zontes 310X,248000.0,43,10664000.0,Transfer
924,2025-08-26,Retail,37,Moto Morini X-Cape 650,369000.0,34,12546000.0,Transfer
925,2025-08-27,Wholesale,43,KTM 790 Duke,599000.0,46,27554000.0,Credit Card
926,2025-08-27,Retail,18,Vespa Primavera 150,210000.0,2,420000.0,Cash
927,2025-08-27,Wholesale,11,Yamaha NMAX 155,151900.0,19,2886100.0,Credit Card
928,2025-08-27,Wholesale,19,Suzuki GSX-S150,125000.0,14,1750000.0,Transfer
929,2025-08-27,Retail,21,Yamaha Aerox 155,124000.0,10,1240000.0,Transfer
930,2025-08-27,Retail,8,KTM Duke 200,178000.0,38,6764000.0,Transfer
931,2025-08-27,Retail,40,Kawasaki KLX 230,199000.0,13,2587000.0,Credit Card
932,2025-08-27,Wholesale,40,Kawasaki KLX 230,199000.0,17,3383000.0,Credit Card
933,2025-08-27,Wholesale,46,Yamaha Serow 250,299000.0,40,11960000.0,Transfer
934,2025-08-28,Wholesale,35,Yamaha XMAX 300,319000.0,22,7018000.0,Cash
935,2025-08-28,Retail,47,Suzuki Burgman Street 125,80900.0,25,2022500.0,Credit Card
936,2025-08-28,Wholesale,22,Bristol Bobber 650,398000.0,2,796000.0,Cash
937,2025-08-28,Wholesale,45,Italjet Dragster 200,289000.0,10,2890000.0,Cash
938,2025-08-28,Retail,12,Honda ADV 160,164900.0,4,659600.0,Transfer
939,2025-08-28,Wholesale,27,Yamaha Sniper 155,125900.0,28,3525200.0,Cash
940,2025-08-28,Retail,41,BMW R nineT,995000.0,8,7960000.0,Credit Card
941,2025-08-28,Retail,30,Rusi Flash 125,48000.0,32,1536000.0,Credit Card
942,2025-08-28,Retail,42,Honda Rebel 1100,650000.0,11,7150000.0,Transfer
943,2025-08-28,Retail,4,Suzuki Raider R150 Fi,119900.0,27,3237300.0,Credit Card
944,2025-08-28,Retail,24,Motorstar Xplorer 250R,78900.0,48,3787200.0,Transfer
945,2025-08-28,Wholesale,32,Harley-Davidson Street 750,499000.0,13,6487000.0,Transfer
946,2025-08-28,Wholesale,5,Royal Enfield Classic 350,250000.0,6,1500000.0,Transfer
947,2025-08-28,Unknown,33,Zontes 310X,248000.0,8,1984000.0,Credit Card
948,2025-08-29,Wholesale,32,Harley-Davidson Street 750,499000.0,3,1497000.0,Credit Card
949,2025-08-29,Retail,38,Yamaha FZi 150,99900.0,46,4595400.0,Transfer
950,2025-08-29,Wholesale,40,Kawasaki KLX 230,199000.0,5,995000.0,Transfer
951,2025-08-29,Wholesale,20,Kawasaki Z400,331000.0,1,331000.0,Credit Card
952,2025-08-29,Wholesale,12,Honda ADV 160,164900.0,17,2803300.0,Cash
953,2025-08-29,Retail,49,Moto Guzzi V7 Stone,689000.0,20,13780000.0,Cash
954,2025-08-29,Wholesale,34,Aprilia SR GT 200,219000.0,46,10074000.0,Credit Card
955,2025-08-29,Retail,6,CFMoto 300NK,165000.0,15,2475000.0,Cash
956,2025-08-29,Wholesale,39,Vespa GTS Super 300,398000.0,12,4776000.0,Credit Card
957,2025-08-29,Retail,42,Honda Rebel 1100,650000.0,4,2600000.0,Transfer
958,2025-08-29,Retail,30,Rusi Flash 125,48000.0,16,768000.0,Credit Card
959,2025-08-29,Wholesale,29,Honda CRF300L,284900.0,20,5698000.0,Transfer
960,2025-08-29,Retail,50,SYM Husky 150,72900.0,4,291600.0,Transfer
961,2025-08-29,Unknown,27,Yamaha Sniper 155,125900.0,17,2140300.0,Credit Card
962,2025-08-29,Retail,12,Honda ADV 160,164900.0,19,3133100.0,Transfer
963,2025-08-29,Wholesale,14,KTM RC 200,198000.0,2,396000.0,Credit Card
964,2025-08-29,Retail,27,Yamaha Sniper 155,125900.0,8,1007200.0,Transfer
965,2025-08-29,Wholesale,23,Keeway RKS 150 Sport,68900.0,29,1998100.0,Cash
966,2025-08-29,Wholesale,37,Moto Morini X-Cape 650,369000.0,6,2214000.0,Cash
967,2025-08-29,Retail,40,Kawasaki KLX 230,199000.0,43,8557000.0,Transfer
968,2025-08-29,Wholesale,39,Vespa GTS Super 300,398000.0,16,6368000.0,Cash
969,2025-08-30,Wholesale,1,Honda CBR500R,389000.0,2,778000.0,Cash
970,2025-08-30,Wholesale,16,TVS Apache RTR 200 4V,129000.0,38,4902000.0,Cash
971,2025-08-30,Retail,14,KTM RC 200,198000.0,26,5148000.0,Transfer
972,2025-08-30,Retail,41,BMW R nineT,995000.0,10,9950000.0,Credit Card
973,2025-08-30,Wholesale,45,Italjet Dragster 200,289000.0,11,3179000.0,Credit Card
974,2025-08-31,Retail,29,Honda CRF300L,284900.0,3,854700.0,Transfer
975,2025-08-31,Wholesale,26,Honda Click 125i,80900.0,31,2507900.0,Credit Card
976,2025-08-31,Retail,33,Zontes 310X,248000.0,13,3224000.0,Credit Card
977,2025-08-31,Retail,45,Italjet Dragster 200,289000.0,10,2890000.0,Cash
978,2025-08-31,Retail,46,Yamaha Serow 250,299000.0,35,10465000.0,Cash
979,2025-08-31,Retail,22,Bristol Bobber 650,398000.0,43,17114000.0,Cash
980,2025-08-31,Retail,6,CFMoto 300NK,165000.0,38,6270000.0,Credit Card
981,2025-08-31,Retail,17,Husqvarna Svartpilen 401,295000.0,4,1180000.0,Credit Card
982,2025-08-31,Retail,21,Yamaha Aerox 155,124000.0,3,372000.0,Transfer
983,2025-08-31,Retail,7,Bristol Veloce 500,328000.0,12,3936000.0,Credit Card
984,2025-08-31,Retail,46,Yamaha Serow 250,299000.0,20,5980000.0,Cash
985,2025-08-31,Wholesale,10,Bajaj Dominar 400,199900.0,13,2598700.0,Credit Card
986,2025-08-31,Wholesale,28,Bajaj CT125,67900.0,13,882700.0,Credit Card
987,2025-08-31,Retail,9,Yamaha XSR155,182000.0,19,3458000.0,Transfer
988,2025-08-31,Wholesale,12,Honda ADV 160,164900.0,35,5771500.0,Transfer
989,2025-08-31,Retail,28,Bajaj CT125,67900.0,22,1493800.0,Cash
990,2025-08-31,Wholesale,9,Yamaha XSR155,182000.0,11,2002000.0,Credit Card
991,2025-08-31,Retail,46,Yamaha Serow 250,299000.0,10,2990000.0,Transfer
992,2025-08-31,Retail,18,Vespa Primavera 150,210000.0,6,1260000.0,Transfer
993,2025-08-31,Retail,28,Bajaj CT125,67900.0,25,1697500.0,Transfer
